,seq,mutations number,Gate1,Gate2,Gate3,sort1,read_count,log2_read_count,ER,log2_ER
CSCSPVHPQQAFCNADVVIRAKAVSEKEVDSGNDIYGNPIKRIQYEIKQIKMFKGPEKDIEFIYTAPSSAVCGVSLDVGGKKEYLIAGKAEGDGKMHIT,SINSVHT,0,91.0,866.0,121999.0,53174.0,176130.0,17.42628113695648,1.0,0.0
CSCAPVHPQQAFCNADVVIRAKAVSEKEVDSGNDIYGNPIKRIQYEIKQIKMFKGPEKDIEFIYTAPSSAVCGVSLDVGGKKEYLIAGKAEGDGKMHIT,AINSVHT,1,0.0,1.0,181.0,67.0,249.0,7.960001932068081,0.7783228918122312,-0.36155930500260947
CSCLPVHPQQAFCNADVVIRAKAVSEKEVDSGNDIYGNPIKRIQYEIKQIKMFKGPEKDIEFIYTAPSSAVCGVSLDVGGKKEYLIAGKAEGDGKMHIT,LINSVHT,1,0.0,1.0,18.0,27.0,46.0,5.523561956057013,7.826469078778548,2.9683615806382835
CSCPPVHPQQAFCNADVVIRAKAVSEKEVDSGNDIYGNPIKRIQYEIKQIKMFKGPEKDIEFIYTAPSSAVCGVSLDVGGKKEYLIAGKAEGDGKMHIT,PINSVHT,1,0.0,2.0,139.0,55.0,196.0,7.614709844115208,2.026999185870703,1.0193455093570885
CSCSPVHPQQAFCNADVVIRAKAVSEKEVDSGNDAYGNPIKRIQYEIKQIKMFKGPEKDIEFIYTAPSSAVCGVSLDVGGKKEYLIAGKAEGDGKMHIT,SANSVHT,1,4.0,38.0,7775.0,2915.0,10732.0,13.389631339260522,0.6885279549690709,-0.5384128643811459
CSCSPVHPQQAFCNADVVIRAKAVSEKEVDSGNDCYGNPIKRIQYEIKQIKMFKGPEKDIEFIYTAPSSAVCGVSLDVGGKKEYLIAGKAEGDGKMHIT,SCNSVHT,1,1.0,4.0,1496.0,603.0,2104.0,11.038918989292302,0.3766749824011066,-1.4086078778070408
CSCSPVHPQQAFCNADVVIRAKAVSEKEVDSGNDEYGNPIKRIQYEIKQIKMFKGPEKDIEFIYTAPSSAVCGVSLDVGGKKEYLIAGKAEGDGKMHIT,SENSVHT,1,1.0,5.0,561.0,197.0,764.0,9.57742882803575,1.2555832746703555,0.32835771635916566
CSCSPVHPQQAFCNADVVIRAKAVSEKEVDSGNDFYGNPIKRIQYEIKQIKMFKGPEKDIEFIYTAPSSAVCGVSLDVGGKKEYLIAGKAEGDGKMHIT,SFNSVHT,1,0.0,2.0,367.0,177.0,546.0,9.092757140919852,0.767719037700348,-0.38134967076261683
CSCSPVHPQQAFCNADVVIRAKAVSEKEVDSGNDGYGNPIKRIQYEIKQIKMFKGPEKDIEFIYTAPSSAVCGVSLDVGGKKEYLIAGKAEGDGKMHIT,SGNSVHT,1,0.0,24.0,5208.0,2329.0,7561.0,12.884361339165705,0.6492002000830132,-0.6232646503638835
CSCSPVHPQQAFCNADVVIRAKAVSEKEVDSGNDHYGNPIKRIQYEIKQIKMFKGPEKDIEFIYTAPSSAVCGVSLDVGGKKEYLIAGKAEGDGKMHIT,SHNSVHT,1,0.0,2.0,47.0,16.0,65.0,6.022367813028454,5.994742273106973,2.5836977304029585
CSCSPVHPQQAFCNADVVIRAKAVSEKEVDSGNDIYGAPIKRIQYEIKQIKMFKGPEKDIEFIYTAPSSAVCGVSLDVGGKKEYLIAGKAEGDGKMHIT,SIASVHT,1,0.0,8.0,708.0,412.0,1128.0,10.139551352398794,1.591824219412586,0.6706810319975985
CSCSPVHPQQAFCNADVVIRAKAVSEKEVDSGNDIYGCPIKRIQYEIKQIKMFKGPEKDIEFIYTAPSSAVCGVSLDVGGKKEYLIAGKAEGDGKMHIT,SICSVHT,1,0.0,1.0,1244.0,725.0,1970.0,10.943979914343739,0.11324472943570246,-3.1424841880500067
CSCSPVHPQQAFCNADVVIRAKAVSEKEVDSGNDIYGDPIKRIQYEIKQIKMFKGPEKDIEFIYTAPSSAVCGVSLDVGGKKEYLIAGKAEGDGKMHIT,SIDSVHT,1,0.0,2.0,56.0,45.0,103.0,6.6865005271832185,5.031301550643352,2.330931660022992
CSCSPVHPQQAFCNADVVIRAKAVSEKEVDSGNDIYGEPIKRIQYEIKQIKMFKGPEKDIEFIYTAPSSAVCGVSLDVGGKKEYLIAGKAEGDGKMHIT,SIESVHT,1,0.0,3.0,429.0,115.0,547.0,9.095397022792557,0.9851499539721249,-0.021584754697793463
CSCSPVHPQQAFCNADVVIRAKAVSEKEVDSGNDIYGGPIKRIQYEIKQIKMFKGPEKDIEFIYTAPSSAVCGVSLDVGGKKEYLIAGKAEGDGKMHIT,SIGSVHT,1,2.0,22.0,2505.0,1033.0,3562.0,11.798471801101618,1.2372382256272674,0.3071233126353224
CSCSPVHPQQAFCNADVVIRAKAVSEKEVDSGNDIYGHPIKRIQYEIKQIKMFKGPEKDIEFIYTAPSSAVCGVSLDVGGKKEYLIAGKAEGDGKMHIT,SIHSVHT,1,0.0,3.0,70.0,44.0,117.0,6.870364719583405,6.037561860772023,2.593966065856786
CSCSPVHPQQAFCNADVVIRAKAVSEKEVDSGNDIYGIPIKRIQYEIKQIKMFKGPEKDIEFIYTAPSSAVCGVSLDVGGKKEYLIAGKAEGDGKMHIT,SIISVHT,1,0.0,4.0,845.0,339.0,1188.0,10.214319120800766,0.6668707380734383,-0.5845209490889509
CSCSPVHPQQAFCNADVVIRAKAVSEKEVDSGNDIYGLPIKRIQYEIKQIKMFKGPEKDIEFIYTAPSSAVCGVSLDVGGKKEYLIAGKAEGDGKMHIT,SILSVHT,1,0.0,4.0,289.0,92.0,385.0,8.588714635582264,1.9498469677233752,0.9633608995799171
CSCSPVHPQQAFCNADVVIRAKAVSEKEVDSGNDIYGNPIKRIQYEIKQIKMFKGPEKDIEFIYTAPASAVCGVSLDVGGKKEYLIAGKAEGDGKMHIT,SINAVHT,1,2.0,11.0,865.0,416.0,1294.0,10.337621901992508,1.7914923440441068,0.8411618781938062
CSCSPVHPQQAFCNADVVIRAKAVSEKEVDSGNDIYGNPIKRIQYEIKQIKMFKGPEKDIEFIYTAPDSAVCGVSLDVGGKKEYLIAGKAEGDGKMHIT,SINDVHT,1,0.0,1.0,307.0,71.0,379.0,8.566054038171092,0.4588809231857129,-1.1238082632895834
CSCSPVHPQQAFCNADVVIRAKAVSEKEVDSGNDIYGNPIKRIQYEIKQIKMFKGPEKDIEFIYTAPESAVCGVSLDVGGKKEYLIAGKAEGDGKMHIT,SINEVHT,1,0.0,3.0,74.0,82.0,159.0,7.312882955284356,5.711207165595157,2.5137957171728025
CSCSPVHPQQAFCNADVVIRAKAVSEKEVDSGNDIYGNPIKRIQYEIKQIKMFKGPEKDIEFIYTAPGSAVCGVSLDVGGKKEYLIAGKAEGDGKMHIT,SINGVHT,1,3.0,5.0,1701.0,1037.0,2746.0,11.4231159101471,0.414098893057066,-1.2719527486954267
CSCSPVHPQQAFCNADVVIRAKAVSEKEVDSGNDIYGNPIKRIQYEIKQIKMFKGPEKDIEFIYTAPLSAVCGVSLDVGGKKEYLIAGKAEGDGKMHIT,SINLVHT,1,6.0,39.0,2759.0,915.0,3719.0,11.860699032611988,1.9913669058726136,0.9937590595895713
CSCSPVHPQQAFCNADVVIRAKAVSEKEVDSGNDIYGNPIKRIQYEIKQIKMFKGPEKDIEFIYTAPMSAVCGVSLDVGGKKEYLIAGKAEGDGKMHIT,SINMVHT,1,1.0,17.0,661.0,864.0,1543.0,10.591522346570734,3.623146048572217,1.8572429618232436
CSCSPVHPQQAFCNADVVIRAKAVSEKEVDSGNDIYGNPIKRIQYEIKQIKMFKGPEKDIEFIYTAPNSAVCGVSLDVGGKKEYLIAGKAEGDGKMHIT,SINNVHT,1,0.0,1.0,103.0,42.0,146.0,7.189824558880018,1.3677324603690666,0.45178605489737755
CSCSPVHPQQAFCNADVVIRAKAVSEKEVDSGNDIYGNPIKRIQYEIKQIKMFKGPEKDIEFIYTAPPSAVCGVSLDVGGKKEYLIAGKAEGDGKMHIT,SINPVHT,1,0.0,1.0,107.0,31.0,139.0,7.118941072723508,1.316602274934709,0.3968195956794491
CSCSPVHPQQAFCNADVVIRAKAVSEKEVDSGNDIYGNPIKRIQYEIKQIKMFKGPEKDIEFIYTAPQSAVCGVSLDVGGKKEYLIAGKAEGDGKMHIT,SINQVHT,1,0.0,4.0,84.0,29.0,117.0,6.870364719583405,6.708402067524469,2.7459691593018354
CSCSPVHPQQAFCNADVVIRAKAVSEKEVDSGNDIYGNPIKRIQYEIKQIKMFKGPEKDIEFIYTAPRSAVCGVSLDVGGKKEYLIAGKAEGDGKMHIT,SINRVHT,1,0.0,9.0,3620.0,1287.0,4916.0,12.263269200372662,0.3502453013155041,-1.5135623984476594
CSCSPVHPQQAFCNADVVIRAKAVSEKEVDSGNDIYGNPIKRIQYEIKQIKMFKGPEKDIEFIYTAPSSAACGVSLDVGGKKEYLIAGKAEGDGKMHIT,SINSAHT,1,1.0,1.0,242.0,89.0,333.0,8.379378367071261,0.582134063710801,-0.7805766551939988
CSCSPVHPQQAFCNADVVIRAKAVSEKEVDSGNDIYGNPIKRIQYEIKQIKMFKGPEKDIEFIYTAPSSACCGVSLDVGGKKEYLIAGKAEGDGKMHIT,SINSCHT,1,0.0,2.0,1304.0,471.0,1777.0,10.795227966028678,0.216068164751555,-2.2104415721504815
CSCSPVHPQQAFCNADVVIRAKAVSEKEVDSGNDIYGNPIKRIQYEIKQIKMFKGPEKDIEFIYTAPSSADCGVSLDVGGKKEYLIAGKAEGDGKMHIT,SINSDHT,1,0.0,1.0,767.0,190.0,958.0,9.90388184573618,0.18367202531683685,-2.4447961854223372
CSCSPVHPQQAFCNADVVIRAKAVSEKEVDSGNDIYGNPIKRIQYEIKQIKMFKGPEKDIEFIYTAPSSAECGVSLDVGGKKEYLIAGKAEGDGKMHIT,SINSEHT,1,0.0,1.0,179.0,56.0,236.0,7.882643049361842,0.7870192369721445,-0.34552919518366043
CSCSPVHPQQAFCNADVVIRAKAVSEKEVDSGNDIYGNPIKRIQYEIKQIKMFKGPEKDIEFIYTAPSSAFCGVSLDVGGKKEYLIAGKAEGDGKMHIT,SINSFHT,1,0.0,3.0,1493.0,420.0,1916.0,10.90388184573618,0.2830738983617157,-1.8207493673327892
CSCSPVHPQQAFCNADVVIRAKAVSEKEVDSGNDIYGNPIKRIQYEIKQIKMFKGPEKDIEFIYTAPSSAGCGVSLDVGGKKEYLIAGKAEGDGKMHIT,SINSGHT,1,0.0,2.0,869.0,277.0,1148.0,10.164906926675688,0.3242265671300664,-1.6249257847338043
CSCSPVHPQQAFCNADVVIRAKAVSEKEVDSGNDIYGNPIKRIQYEIKQIKMFKGPEKDIEFIYTAPSSAKCGVSLDVGGKKEYLIAGKAEGDGKMHIT,SINSKHT,1,1.0,2.0,1086.0,336.0,1425.0,10.476746203939467,0.2594409639374104,-1.9465218057237657
CSCSPVHPQQAFCNADVVIRAKAVSEKEVDSGNDIYGNPIKRIQYEIKQIKMFKGPEKDIEFIYTAPSSALCGVSLDVGGKKEYLIAGKAEGDGKMHIT,SINSLHT,1,0.0,34.0,2229.0,893.0,3156.0,11.623881490013458,2.148855574792495,1.103568522071183
CSCSPVHPQQAFCNADVVIRAKAVSEKEVDSGNDIYGNPIKRIQYEIKQIKMFKGPEKDIEFIYTAPSSANCGVSLDVGGKKEYLIAGKAEGDGKMHIT,SINSNHT,1,0.0,1.0,7.0,7.0,15.0,3.9068905956085187,20.12520620257341,4.3309316600229915
CSCSPVHPQQAFCNADVVIRAKAVSEKEVDSGNDIYGNPIKRIQYEIKQIKMFKGPEKDIEFIYTAPSSAPCGVSLDVGGKKEYLIAGKAEGDGKMHIT,SINSPHT,1,3.0,27.0,3333.0,1122.0,4485.0,12.130892269806624,1.141213313017214,0.19056848213381627
CSCSPVHPQQAFCNADVVIRAKAVSEKEVDSGNDIYGNPIKRIQYEIKQIKMFKGPEKDIEFIYTAPSSAQCGVSLDVGGKKEYLIAGKAEGDGKMHIT,SINSQHT,1,0.0,2.0,991.0,388.0,1381.0,10.43149760425805,0.28431169206460916,-1.8144546651058924
CSCSPVHPQQAFCNADVVIRAKAVSEKEVDSGNDIYGNPIKRIQYEIKQIKMFKGPEKDIEFIYTAPSSARCGVSLDVGGKKEYLIAGKAEGDGKMHIT,SINSRHT,1,2.0,9.0,2777.0,913.0,3701.0,11.85369942030022,0.45656751557872693,-1.1310998782959376
CSCSPVHPQQAFCNADVVIRAKAVSEKEVDSGNDIYGNPIKRIQYEIKQIKMFKGPEKDIEFIYTAPSSASCGVSLDVGGKKEYLIAGKAEGDGKMHIT,SINSSHT,1,0.0,19.0,2525.0,986.0,3530.0,11.785452468158542,1.0600603663137675,0.08414642299766184
CSCSPVHPQQAFCNADVVIRAKAVSEKEVDSGNDIYGNPIKRIQYEIKQIKMFKGPEKDIEFIYTAPSSATCGVSLDVGGKKEYLIAGKAEGDGKMHIT,SINSTHT,1,0.0,69.0,1519.0,680.0,2268.0,11.147204924942228,6.399259115103987,2.6779048843566815
CSCSPVHPQQAFCNADVVIRAKAVSEKEVDSGNDIYGNPIKRIQYEIKQIKMFKGPEKDIEFIYTAPSSAVCGVSLDVGGKKEYLIAGKAEGDGKMAIT,SINSVAT,1,0.0,5.0,1425.0,439.0,1869.0,10.868050853745158,0.49430331023864515,-1.016531526971508
CSCSPVHPQQAFCNADVVIRAKAVSEKEVDSGNDIYGNPIKRIQYEIKQIKMFKGPEKDIEFIYTAPSSAVCGVSLDVGGKKEYLIAGKAEGDGKMCIT,SINSVCT,1,0.0,3.0,224.0,182.0,409.0,8.67595703294175,1.886738081491257,0.9158941607441481
CSCSPVHPQQAFCNADVVIRAKAVSEKEVDSGNDIYGNPIKRIQYEIKQIKMFKGPEKDIEFIYTAPSSAVCGVSLDVGGKKEYLIAGKAEGDGKMDIT,SINSVDT,1,0.0,1.0,20.0,8.0,29.0,4.857980995127572,7.043822170900692,2.8163584871932335
CSCSPVHPQQAFCNADVVIRAKAVSEKEVDSGNDIYGNPIKRIQYEIKQIKMFKGPEKDIEFIYTAPSSAVCGVSLDVGGKKEYLIAGKAEGDGKMEIT,SINSVET,1,0.0,2.0,313.0,167.0,482.0,8.912889336229961,0.9001689675272451,-0.15173226485202246
CSCSPVHPQQAFCNADVVIRAKAVSEKEVDSGNDIYGNPIKRIQYEIKQIKMFKGPEKDIEFIYTAPSSAVCGVSLDVGGKKEYLIAGKAEGDGKMFIT,SINSVFT,1,1.0,5.0,236.0,101.0,343.0,8.422064766172813,2.9846704113985987,1.577571627606117
CSCSPVHPQQAFCNADVVIRAKAVSEKEVDSGNDIYGNPIKRIQYEIKQIKMFKGPEKDIEFIYTAPSSAVCGVSLDVGGKKEYLIAGKAEGDGKMGIT,SINSVGT,1,5.0,34.0,4071.0,1792.0,5902.0,12.526988205432007,1.1765657273919115,0.23458191719092514
CSCSPVHPQQAFCNADVVIRAKAVSEKEVDSGNDIYGNPIKRIQYEIKQIKMFKGPEKDIEFIYTAPSSAVCGVSLDVGGKKEYLIAGKAEGDGKMHIA,SINSVHA,1,1.0,6.0,927.0,586.0,1520.0,10.569855608330949,0.9118216402460444,-0.13317644582377863
CSCSPVHPQQAFCNADVVIRAKAVSEKEVDSGNDIYGNPIKRIQYEIKQIKMFKGPEKDIEFIYTAPSSAVCGVSLDVGGKKEYLIAGKAEGDGKMHIC,SINSVHC,1,0.0,1.0,422.0,155.0,578.0,9.174925682500678,0.33383043463984324,-1.5828126066265893
CSCSPVHPQQAFCNADVVIRAKAVSEKEVDSGNDIYGNPIKRIQYEIKQIKMFKGPEKDIEFIYTAPSSAVCGVSLDVGGKKEYLIAGKAEGDGKMHID,SINSVHD,1,0.0,1.0,16.0,8.0,25.0,4.643856189774724,8.804777713625866,3.1382865820805956
CSCSPVHPQQAFCNADVVIRAKAVSEKEVDSGNDIYGNPIKRIQYEIKQIKMFKGPEKDIEFIYTAPSSAVCGVSLDVGGKKEYLIAGKAEGDGKMHIF,SINSVHF,1,5.0,13.0,663.0,654.0,1335.0,10.382624026574916,2.7622832042747816,1.4658612401091005
CSCSPVHPQQAFCNADVVIRAKAVSEKEVDSGNDIYGNPIKRIQYEIKQIKMFKGPEKDIEFIYTAPSSAVCGVSLDVGGKKEYLIAGKAEGDGKMHIG,SINSVHG,1,4.0,20.0,4993.0,1662.0,6679.0,12.705416398882699,0.5642957877749403,-0.8254765143621345
CSCSPVHPQQAFCNADVVIRAKAVSEKEVDSGNDIYGNPIKRIQYEIKQIKMFKGPEKDIEFIYTAPSSAVCGVSLDVGGKKEYLIAGKAEGDGKMHIL,SINSVHL,1,0.0,22.0,920.0,392.0,1334.0,10.381542951184585,3.3687845165177226,1.752228149773518
CSCSPVHPQQAFCNADVVIRAKAVSEKEVDSGNDIYGNPIKRIQYEIKQIKMFKGPEKDIEFIYTAPSSAVCGVSLDVGGKKEYLIAGKAEGDGKMHIM,SINSVHM,1,1.0,2.0,519.0,315.0,837.0,9.709083812550343,0.5428764678921536,-0.8813041462772849
CSCSPVHPQQAFCNADVVIRAKAVSEKEVDSGNDIYGNPIKRIQYEIKQIKMFKGPEKDIEFIYTAPSSAVCGVSLDVGGKKEYLIAGKAEGDGKMHIN,SINSVHN,1,0.0,1.0,116.0,42.0,159.0,7.312882955284356,1.214452098431154,0.2803055869530238
CSCSPVHPQQAFCNADVVIRAKAVSEKEVDSGNDIYGNPIKRIQYEIKQIKMFKGPEKDIEFIYTAPSSAVCGVSLDVGGKKEYLIAGKAEGDGKMHIP,SINSVHP,1,1.0,2.0,240.0,74.0,317.0,8.308339030139408,1.1739703618167823,0.23139598647207754
CSCSPVHPQQAFCNADVVIRAKAVSEKEVDSGNDIYGNPIKRIQYEIKQIKMFKGPEKDIEFIYTAPSSAVCGVSLDVGGKKEYLIAGKAEGDGKMHIR,SINSVHR,1,0.0,15.0,5054.0,1365.0,6434.0,12.65150022065274,0.4181137022695306,-1.2580327712556607
CSCSPVHPQQAFCNADVVIRAKAVSEKEVDSGNDIYGNPIKRIQYEIKQIKMFKGPEKDIEFIYTAPSSAVCGVSLDVGGKKEYLIAGKAEGDGKMHIS,SINSVHS,1,3.0,3.0,3324.0,1122.0,4452.0,12.12023787734196,0.12714480452889337,-2.9754555839685923
CSCSPVHPQQAFCNADVVIRAKAVSEKEVDSGNDIYGNPIKRIQYEIKQIKMFKGPEKDIEFIYTAPSSAVCGVSLDVGGKKEYLIAGKAEGDGKMHIV,SINSVHV,1,0.0,7.0,1892.0,592.0,2491.0,11.282509306240836,0.5212130570433916,-0.9400548692011953
CSCSPVHPQQAFCNADVVIRAKAVSEKEVDSGNDIYGNPIKRIQYEIKQIKMFKGPEKDIEFIYTAPSSAVCGVSLDVGGKKEYLIAGKAEGDGKMHIW,SINSVHW,1,1.0,10.0,929.0,300.0,1240.0,10.276124405274238,1.5164310378688253,0.6006798905853055
CSCSPVHPQQAFCNADVVIRAKAVSEKEVDSGNDIYGNPIKRIQYEIKQIKMFKGPEKDIEFIYTAPSSAVCGVSLDVGGKKEYLIAGKAEGDGKMHIY,SINSVHY,1,0.0,1.0,1275.0,399.0,1675.0,10.709945380232497,0.11049132817099126,-3.1779949496656243
CSCSPVHPQQAFCNADVVIRAKAVSEKEVDSGNDIYGNPIKRIQYEIKQIKMFKGPEKDIEFIYTAPSSAVCGVSLDVGGKKEYLIAGKAEGDGKMIIT,SINSVIT,1,3.0,1.0,251.0,271.0,526.0,9.038918989292302,0.5612607307490591,-0.8332569718701762
CSCSPVHPQQAFCNADVVIRAKAVSEKEVDSGNDIYGNPIKRIQYEIKQIKMFKGPEKDIEFIYTAPSSAVCGVSLDVGGKKEYLIAGKAEGDGKMKIT,SINSVKT,1,0.0,1.0,1037.0,368.0,1406.0,10.457380879072534,0.1358499936528581,-2.8799135967326297
CSCSPVHPQQAFCNADVVIRAKAVSEKEVDSGNDIYGNPIKRIQYEIKQIKMFKGPEKDIEFIYTAPSSAVCGVSLDVGGKKEYLIAGKAEGDGKMLIT,SINSVLT,1,10.0,9.0,2345.0,1323.0,3687.0,11.848231701093818,0.5406771815616737,-0.8871606238798306
CSCSPVHPQQAFCNADVVIRAKAVSEKEVDSGNDIYGNPIKRIQYEIKQIKMFKGPEKDIEFIYTAPSSAVCGVSLDVGGKKEYLIAGKAEGDGKMMIT,SINSVMT,1,0.0,1.0,75.0,98.0,174.0,7.442943495848728,1.8783525789068514,0.909467891584715
CSCSPVHPQQAFCNADVVIRAKAVSEKEVDSGNDIYGNPIKRIQYEIKQIKMFKGPEKDIEFIYTAPSSAVCGVSLDVGGKKEYLIAGKAEGDGKMPIT,SINSVPT,1,0.0,1.0,276.0,101.0,378.0,8.562242424221072,0.5104218964420792,-0.9702378746975729
CSCSPVHPQQAFCNADVVIRAKAVSEKEVDSGNDIYGNPIKRIQYEIKQIKMFKGPEKDIEFIYTAPSSAVCGVSLDVGGKKEYLIAGKAEGDGKMRIT,SINSVRT,1,2.0,12.0,2154.0,877.0,3045.0,11.572226512793694,0.7848269828301607,-0.3495534517424555
CSCSPVHPQQAFCNADVVIRAKAVSEKEVDSGNDIYGNPIKRIQYEIKQIKMFKGPEKDIEFIYTAPSSAVCGVSLDVGGKKEYLIAGKAEGDGKMSIT,SINSVST,1,1.0,9.0,646.0,296.0,952.0,9.894817763307943,1.9626749083005026,0.9728212288289834
CSCSPVHPQQAFCNADVVIRAKAVSEKEVDSGNDIYGNPIKRIQYEIKQIKMFKGPEKDIEFIYTAPSSAVCGVSLDVGGKKEYLIAGKAEGDGKMTIT,SINSVTT,1,0.0,1.0,2.0,1.0,4.0,2.0,70.43822170900692,6.138286582080596
CSCSPVHPQQAFCNADVVIRAKAVSEKEVDSGNDIYGNPIKRIQYEIKQIKMFKGPEKDIEFIYTAPSSAVCGVSLDVGGKKEYLIAGKAEGDGKMVIT,SINSVVT,1,0.0,7.0,1387.0,466.0,1860.0,10.861086905995395,0.7109842133569554,-0.49211056818540255
CSCSPVHPQQAFCNADVVIRAKAVSEKEVDSGNDIYGNPIKRIQYEIKQIKMFKGPEKDIEFIYTAPSSAVCGVSLDVGGKKEYLIAGKAEGDGKMWIT,SINSVWT,1,0.0,4.0,1691.0,583.0,2278.0,11.153552031708111,0.33323818667773825,-1.5853743623293874
CSCSPVHPQQAFCNADVVIRAKAVSEKEVDSGNDIYGNPIKRIQYEIKQIKMFKGPEKDIEFIYTAPSSAVCGVSLDVGGKKEYLIAGKAEGDGKMYIT,SINSVYT,1,0.0,1.0,421.0,132.0,554.0,9.113742166049189,0.33462338104041295,-1.5793898409858003
CSCSPVHPQQAFCNADVVIRAKAVSEKEVDSGNDIYGNPIKRIQYEIKQIKMFKGPEKDIEFIYTAPSSAWCGVSLDVGGKKEYLIAGKAEGDGKMHIT,SINSWHT,1,1.0,3.0,2389.0,660.0,3053.0,11.57601187420678,0.1769063751586612,-2.49894205565458
CSCSPVHPQQAFCNADVVIRAKAVSEKEVDSGNDIYGNPIKRIQYEIKQIKMFKGPEKDIEFIYTAPSSAYCGVSLDVGGKKEYLIAGKAEGDGKMHIT,SINSYHT,1,0.0,1.0,397.0,84.0,482.0,8.912889336229961,0.35485250231237747,-1.4947086150623619
CSCSPVHPQQAFCNADVVIRAKAVSEKEVDSGNDIYGNPIKRIQYEIKQIKMFKGPEKDIEFIYTAPTSAVCGVSLDVGGKKEYLIAGKAEGDGKMHIT,SINTVHT,1,0.0,7.0,2296.0,935.0,3238.0,11.660887270302567,0.42950135188418864,-1.2192654225374877
CSCSPVHPQQAFCNADVVIRAKAVSEKEVDSGNDIYGNPIKRIQYEIKQIKMFKGPEKDIEFIYTAPVSAVCGVSLDVGGKKEYLIAGKAEGDGKMHIT,SINVVHT,1,0.0,12.0,352.0,217.0,581.0,9.18239435340453,4.802606025614109,2.263817464164455
CSCSPVHPQQAFCNADVVIRAKAVSEKEVDSGNDIYGNPIKRIQYEIKQIKMFKGPEKDIEFIYTAPWSAVCGVSLDVGGKKEYLIAGKAEGDGKMHIT,SINWVHT,1,0.0,7.0,2467.0,752.0,3226.0,11.655530723155643,0.3997304839586936,-1.3229004961619228
CSCSPVHPQQAFCNADVVIRAKAVSEKEVDSGNDIYGNPIKRIQYEIKQIKMFKGPEKDIEFIYTAPYSAVCGVSLDVGGKKEYLIAGKAEGDGKMHIT,SINYVHT,1,0.0,7.0,913.0,362.0,1282.0,10.324180546618742,1.0801041664031732,0.1111704541539782
CSCSPVHPQQAFCNADVVIRAKAVSEKEVDSGNDIYGPPIKRIQYEIKQIKMFKGPEKDIEFIYTAPSSAVCGVSLDVGGKKEYLIAGKAEGDGKMHIT,SIPSVHT,1,0.0,1.0,493.0,323.0,817.0,9.674192268145683,0.2857534349249774,-1.8071572542973156
CSCSPVHPQQAFCNADVVIRAKAVSEKEVDSGNDIYGQPIKRIQYEIKQIKMFKGPEKDIEFIYTAPSSAVCGVSLDVGGKKEYLIAGKAEGDGKMHIT,SIQSVHT,1,0.0,3.0,45.0,57.0,105.0,6.714245517666122,9.391762894534256,3.2313959864720774
CSCSPVHPQQAFCNADVVIRAKAVSEKEVDSGNDIYGRPIKRIQYEIKQIKMFKGPEKDIEFIYTAPSSAVCGVSLDVGGKKEYLIAGKAEGDGKMHIT,SIRSVHT,1,1.0,14.0,5451.0,1789.0,7255.0,12.824759898954106,0.3618180531741321,-1.4666637008170718
CSCSPVHPQQAFCNADVVIRAKAVSEKEVDSGNDIYGSPIKRIQYEIKQIKMFKGPEKDIEFIYTAPSSAVCGVSLDVGGKKEYLIAGKAEGDGKMHIT,SISSVHT,1,0.0,1.0,382.0,144.0,527.0,9.041659151637214,0.36878650109427713,-1.4391422459551526
CSCSPVHPQQAFCNADVVIRAKAVSEKEVDSGNDIYGTPIKRIQYEIKQIKMFKGPEKDIEFIYTAPSSAVCGVSLDVGGKKEYLIAGKAEGDGKMHIT,SITSVHT,1,0.0,2.0,43.0,17.0,62.0,5.954196310386875,6.552392717116923,2.7120218273784977
CSCSPVHPQQAFCNADVVIRAKAVSEKEVDSGNDIYGVPIKRIQYEIKQIKMFKGPEKDIEFIYTAPSSAVCGVSLDVGGKKEYLIAGKAEGDGKMHIT,SIVSVHT,1,2.0,9.0,1259.0,505.0,1775.0,10.793603309279407,1.0070595637506947,0.01014901580389168
CSCSPVHPQQAFCNADVVIRAKAVSEKEVDSGNDIYGWPIKRIQYEIKQIKMFKGPEKDIEFIYTAPSSAVCGVSLDVGGKKEYLIAGKAEGDGKMHIT,SIWSVHT,1,2.0,8.0,1722.0,519.0,2251.0,11.136350341454156,0.6544782504901921,-0.6115828453162481
CSCSPVHPQQAFCNADVVIRAKAVSEKEVDSGNDIYGYPIKRIQYEIKQIKMFKGPEKDIEFIYTAPSSAVCGVSLDVGGKKEYLIAGKAEGDGKMHIT,SIYSVHT,1,0.0,1.0,24.0,5.0,30.0,4.906890595608519,5.869851809083911,2.5533240813594396
CSCSPVHPQQAFCNADVVIRAKAVSEKEVDSGNDKYGNPIKRIQYEIKQIKMFKGPEKDIEFIYTAPSSAVCGVSLDVGGKKEYLIAGKAEGDGKMHIT,SKNSVHT,1,0.0,4.0,129.0,70.0,203.0,7.6653359171851765,4.368261811411282,2.1270593266573417
CSCSPVHPQQAFCNADVVIRAKAVSEKEVDSGNDLYGNPIKRIQYEIKQIKMFKGPEKDIEFIYTAPSSAVCGVSLDVGGKKEYLIAGKAEGDGKMHIT,SLNSVHT,1,2.0,24.0,2632.0,1015.0,3673.0,11.842743180731658,1.284587629951494,0.3613053090665105
CSCSPVHPQQAFCNADVVIRAKAVSEKEVDSGNDMYGNPIKRIQYEIKQIKMFKGPEKDIEFIYTAPSSAVCGVSLDVGGKKEYLIAGKAEGDGKMHIT,SMNSVHT,1,0.0,9.0,637.0,295.0,941.0,9.878050912728536,1.9904050090457215,0.9930620212666077
CSCSPVHPQQAFCNADVVIRAKAVSEKEVDSGNDNYGNPIKRIQYEIKQIKMFKGPEKDIEFIYTAPSSAVCGVSLDVGGKKEYLIAGKAEGDGKMHIT,SNNSVHT,1,2.0,3.0,786.0,283.0,1074.0,10.068778277985412,0.5376963489237171,-0.8951364194568542
CSCSPVHPQQAFCNADVVIRAKAVSEKEVDSGNDPYGNPIKRIQYEIKQIKMFKGPEKDIEFIYTAPSSAVCGVSLDVGGKKEYLIAGKAEGDGKMHIT,SPNSVHT,1,2.0,19.0,1999.0,843.0,2863.0,11.483311954999353,1.3389957103262948,0.42115133877955385
CSCSPVHPQQAFCNADVVIRAKAVSEKEVDSGNDQYGNPIKRIQYEIKQIKMFKGPEKDIEFIYTAPSSAVCGVSLDVGGKKEYLIAGKAEGDGKMHIT,SQNSVHT,1,0.0,9.0,124.0,200.0,333.0,8.379378367071261,10.224903151307457,3.354015273136033
CSCSPVHPQQAFCNADVVIRAKAVSEKEVDSGNDRYGNPIKRIQYEIKQIKMFKGPEKDIEFIYTAPSSAVCGVSLDVGGKKEYLIAGKAEGDGKMHIT,SRNSVHT,1,2.0,26.0,7802.0,3391.0,11221.0,13.453913632212153,0.4694677683758473,-1.0909019828028739
CSCSPVHPQQAFCNADVVIRAKAVSEKEVDSGNDSYGNPIKRIQYEIKQIKMFKGPEKDIEFIYTAPSSAVCGVSLDVGGKKEYLIAGKAEGDGKMHIT,SSNSVHT,1,0.0,19.0,1712.0,802.0,2533.0,11.306631361712501,1.5634652014849668,0.6447471091230345
CSCSPVHPQQAFCNADVVIRAKAVSEKEVDSGNDTYGNPIKRIQYEIKQIKMFKGPEKDIEFIYTAPSSAVCGVSLDVGGKKEYLIAGKAEGDGKMHIT,STNSVHT,1,1.0,3.0,1446.0,770.0,2220.0,11.116343961237469,0.2922747788755474,-1.7746027541493656
CSCSPVHPQQAFCNADVVIRAKAVSEKEVDSGNDVYGNPIKRIQYEIKQIKMFKGPEKDIEFIYTAPSSAVCGVSLDVGGKKEYLIAGKAEGDGKMHIT,SVNSVHT,1,0.0,21.0,5416.0,2506.0,7943.0,12.955468287959821,0.5462343633268631,-0.8724080187156407
CSCSPVHPQQAFCNADVVIRAKAVSEKEVDSGNDWYGNPIKRIQYEIKQIKMFKGPEKDIEFIYTAPSSAVCGVSLDVGGKKEYLIAGKAEGDGKMHIT,SWNSVHT,1,3.0,10.0,2498.0,897.0,3408.0,11.734709620225837,0.5639569392234342,-0.8263430846399992
CSCSPVHPQQAFCNADVVIRAKAVSEKEVDSGNDYYGNPIKRIQYEIKQIKMFKGPEKDIEFIYTAPSSAVCGVSLDVGGKKEYLIAGKAEGDGKMHIT,SYNSVHT,1,0.0,1.0,277.0,119.0,397.0,8.632995197142957,0.5085792181155735,-0.9754555839685924
CSCAPVHPQQAFCNADVVIRAKAVSEKEVDSGNDIYGNPIKRIQYEIKQIKMFKGPEKDIEFIYTAPTSAVCGVSLDVGGKKEYLIAGKAEGDGKMHIT,AINTVHT,2,0.0,1.0,2.0,1.0,4.0,2.0,70.43822170900692,6.138286582080596
CSCLPVHPQQAFCNADVVIRAKAVSEKEVDSGNDGYGNPIKRIQYEIKQIKMFKGPEKDIEFIYTAPSSAVCGVSLDVGGKKEYLIAGKAEGDGKMHIT,LGNSVHT,2,0.0,2.0,4.0,6.0,12.0,3.584962500721156,70.43822170900692,6.138286582080596
CSCSPVHPQQAFCNADVVIRAKAVSEKEVDSGNDAYGNPIKRIQYEIKQIKMFKGPEKDIEFIYTAPHSAVCGVSLDVGGKKEYLIAGKAEGDGKMHIT,SANHVHT,2,0.0,1.0,1.0,2.0,4.0,2.0,140.87644341801385,7.138286582080596
CSCSPVHPQQAFCNADVVIRAKAVSEKEVDSGNDAYGNPIKRIQYEIKQIKMFKGPEKDIEFIYTAPSSAGCGVSLDVGGKKEYLIAGKAEGDGKMHIT,SANSGHT,2,0.0,1.0,25.0,5.0,31.0,4.954196310386875,5.6350577367205545,2.4944303923058713
CSCSPVHPQQAFCNADVVIRAKAVSEKEVDSGNDAYGNPIKRIQYEIKQIKMFKGPEKDIEFIYTAPSSALCGVSLDVGGKKEYLIAGKAEGDGKMHIT,SANSLHT,2,0.0,1.0,87.0,33.0,121.0,6.918863237274595,1.6192694645748718,0.6953430862318675
CSCSPVHPQQAFCNADVVIRAKAVSEKEVDSGNDAYGNPIKRIQYEIKQIKMFKGPEKDIEFIYTAPSSAPCGVSLDVGGKKEYLIAGKAEGDGKMHIT,SANSPHT,2,0.0,1.0,122.0,30.0,153.0,7.257387842692652,1.1547249460492939,0.2075492445177096
CSCSPVHPQQAFCNADVVIRAKAVSEKEVDSGNDAYGNPIKRIQYEIKQIKMFKGPEKDIEFIYTAPSSARCGVSLDVGGKKEYLIAGKAEGDGKMHIT,SANSRHT,2,0.0,1.0,112.0,42.0,155.0,7.2761244052742375,1.257825387660838,0.33093166002299185
CSCSPVHPQQAFCNADVVIRAKAVSEKEVDSGNDAYGNPIKRIQYEIKQIKMFKGPEKDIEFIYTAPSSATCGVSLDVGGKKEYLIAGKAEGDGKMHIT,SANSTHT,2,0.0,1.0,60.0,22.0,83.0,6.3750394313469245,2.3479407236335645,1.2313959864720776
CSCSPVHPQQAFCNADVVIRAKAVSEKEVDSGNDAYGNPIKRIQYEIKQIKMFKGPEKDIEFIYTAPSSAVCGVSLDVGGKKEYLIAGKAEGDGKMFIT,SANSVFT,2,0.0,2.0,13.0,3.0,18.0,4.169925001442312,21.673298987386747,4.4378468639395035
CSCSPVHPQQAFCNADVVIRAKAVSEKEVDSGNDAYGNPIKRIQYEIKQIKMFKGPEKDIEFIYTAPSSAVCGVSLDVGGKKEYLIAGKAEGDGKMHIF,SANSVHF,2,0.0,1.0,24.0,22.0,47.0,5.554588851677638,5.869851809083911,2.5533240813594396
CSCSPVHPQQAFCNADVVIRAKAVSEKEVDSGNDAYGNPIKRIQYEIKQIKMFKGPEKDIEFIYTAPSSAVCGVSLDVGGKKEYLIAGKAEGDGKMHIL,SANSVHL,2,0.0,1.0,36.0,13.0,50.0,5.643856189774724,3.913234539389274,1.9683615806382835
CSCSPVHPQQAFCNADVVIRAKAVSEKEVDSGNDAYGNPIKRIQYEIKQIKMFKGPEKDIEFIYTAPSSAVCGVSLDVGGKKEYLIAGKAEGDGKMMIT,SANSVMT,2,0.0,1.0,3.0,2.0,6.0,2.584962500721156,46.958814472671286,5.55332408135944
CSCSPVHPQQAFCNADVVIRAKAVSEKEVDSGNDCYGNPIKRIQYEIKQIKMFKGPEKDIEFIYTAPSSAVCGVSLDVGGKKEYLIAGKAEGDGKMCIT,SCNSVCT,2,0.0,1.0,2.0,3.0,6.0,2.584962500721156,70.43822170900692,6.138286582080596
CSCSPVHPQQAFCNADVVIRAKAVSEKEVDSGNDEYGNPIKRIQYEIKQIKMFKGPEKDIEFIYTAPSSAVCGVSLDVGGKKEYLIAGKAEGDGKMHIG,SENSVHG,2,0.0,1.0,16.0,2.0,19.0,4.247927513443585,8.804777713625866,3.1382865820805956
CSCSPVHPQQAFCNADVVIRAKAVSEKEVDSGNDGYGNPIKRIQYEIKQIKMFKGPEKDIEFIYTAPSSAPCGVSLDVGGKKEYLIAGKAEGDGKMHIT,SGNSPHT,2,0.0,2.0,75.0,27.0,104.0,6.700439718141092,3.7567051578137027,1.909467891584715
CSCSPVHPQQAFCNADVVIRAKAVSEKEVDSGNDGYGNPIKRIQYEIKQIKMFKGPEKDIEFIYTAPSSARCGVSLDVGGKKEYLIAGKAEGDGKMHIT,SGNSRHT,2,0.0,3.0,177.0,51.0,231.0,7.851749041416057,2.387736329118879,1.2556435327187547
CSCSPVHPQQAFCNADVVIRAKAVSEKEVDSGNDGYGNPIKRIQYEIKQIKMFKGPEKDIEFIYTAPSSASCGVSLDVGGKKEYLIAGKAEGDGKMHIT,SGNSSHT,2,0.0,1.0,88.0,31.0,120.0,6.906890595608519,1.6008686752047028,0.6788549634432985
CSCSPVHPQQAFCNADVVIRAKAVSEKEVDSGNDGYGNPIKRIQYEIKQIKMFKGPEKDIEFIYTAPSSATCGVSLDVGGKKEYLIAGKAEGDGKMHIT,SGNSTHT,2,0.0,3.0,56.0,22.0,81.0,6.339850002884624,7.546952325965028,2.915894160744148
CSCSPVHPQQAFCNADVVIRAKAVSEKEVDSGNDGYGNPIKRIQYEIKQIKMFKGPEKDIEFIYTAPSSAVCGVSLDVGGKKEYLIAGKAEGDGKMGIT,SGNSVGT,2,0.0,1.0,342.0,145.0,488.0,8.930737337562887,0.4119194251988709,-1.279565932805302
CSCSPVHPQQAFCNADVVIRAKAVSEKEVDSGNDGYGNPIKRIQYEIKQIKMFKGPEKDIEFIYTAPSSAVCGVSLDVGGKKEYLIAGKAEGDGKMHIF,SGNSVHF,2,1.0,1.0,19.0,23.0,44.0,5.459431618637297,7.414549653579677,2.8903590686370104
CSCSPVHPQQAFCNADVVIRAKAVSEKEVDSGNDGYGNPIKRIQYEIKQIKMFKGPEKDIEFIYTAPSSAVCGVSLDVGGKKEYLIAGKAEGDGKMHII,SGNSVHI,2,0.0,1.0,4.0,1.0,6.0,2.584962500721156,35.21911085450346,5.138286582080596
CSCSPVHPQQAFCNADVVIRAKAVSEKEVDSGNDGYGNPIKRIQYEIKQIKMFKGPEKDIEFIYTAPSSAVCGVSLDVGGKKEYLIAGKAEGDGKMHIR,SGNSVHR,2,0.0,1.0,155.0,46.0,202.0,7.658211482751795,0.9088802801162185,-0.1378378231936416
CSCSPVHPQQAFCNADVVIRAKAVSEKEVDSGNDGYGNPIKRIQYEIKQIKMFKGPEKDIEFIYTAPVSAVCGVSLDVGGKKEYLIAGKAEGDGKMHIT,SGNVVHT,2,0.0,1.0,9.0,8.0,18.0,4.169925001442312,15.652938157557095,3.9683615806382835
CSCSPVHPQQAFCNADVVIRAKAVSEKEVDSGNDHYGNPIKRIQYEIKQIKMFKGPEKDIEFIYTAPSSAVCGVSLDVGGKKEYLIAGKAEGDGKMGIT,SHNSVGT,2,0.0,1.0,2.0,0.0,3.0,1.584962500721156,70.43822170900692,6.138286582080596
CSCSPVHPQQAFCNADVVIRAKAVSEKEVDSGNDHYGNPIKRIQYEIKQIKMFKGPEKDIEFIYTAPSSAVCGVSLDVGGKKEYLIAGKAEGDGKMHIG,SHNSVHG,2,0.0,1.0,4.0,2.0,7.0,2.807354922057604,35.21911085450346,5.138286582080596
CSCSPVHPQQAFCNADVVIRAKAVSEKEVDSGNDIYGAPIKRIQYEIKQIKMFKGPEKDIEFIYTAPSSAVCGVSLDVGGKKEYLIAGKAEGDGKMGIT,SIASVGT,2,0.0,1.0,22.0,14.0,37.0,5.20945336562895,6.403474700818811,2.6788549634432983
CSCSPVHPQQAFCNADVVIRAKAVSEKEVDSGNDIYGAPIKRIQYEIKQIKMFKGPEKDIEFIYTAPSSAVCGVSLDVGGKKEYLIAGKAEGDGKMRIT,SIASVRT,2,0.0,1.0,276.0,119.0,396.0,8.62935662007961,0.5104218964420792,-0.9702378746975729
CSCSPVHPQQAFCNADVVIRAKAVSEKEVDSGNDIYGAPIKRIQYEIKQIKMFKGPEKDIEFIYTAPTSAVCGVSLDVGGKKEYLIAGKAEGDGKMHIT,SIATVHT,2,0.0,4.0,17.0,44.0,65.0,6.022367813028454,33.14739845129738,5.050823740830256
CSCSPVHPQQAFCNADVVIRAKAVSEKEVDSGNDIYGEPIKRIQYEIKQIKMFKGPEKDIEFIYTAPSSAVCGVSLDVGGKKEYLIAGKAEGDGKMHIR,SIESVHR,2,0.0,1.0,8.0,2.0,11.0,3.4594316186372973,17.60955542725173,4.138286582080596
CSCSPVHPQQAFCNADVVIRAKAVSEKEVDSGNDIYGFPIKRIQYEIKQIKMFKGPEKDIEFIYTAPSSAVCGVSLDVGGKKEYLIAGKAEGDGKMGIT,SIFSVGT,2,0.0,1.0,14.0,5.0,20.0,4.321928094887363,10.062603101286705,3.330931660022992
CSCSPVHPQQAFCNADVVIRAKAVSEKEVDSGNDIYGFPIKRIQYEIKQIKMFKGPEKDIEFIYTAPSSAVCGVSLDVGGKKEYLIAGKAEGDGKMHIG,SIFSVHG,2,0.0,1.0,16.0,6.0,23.0,4.523561956057013,8.804777713625866,3.1382865820805956
CSCSPVHPQQAFCNADVVIRAKAVSEKEVDSGNDIYGGPIKRIQYEIKQIKMFKGPEKDIEFIYTAPASAVCGVSLDVGGKKEYLIAGKAEGDGKMHIT,SIGAVHT,2,0.0,1.0,8.0,3.0,12.0,3.584962500721156,17.60955542725173,4.138286582080596
CSCSPVHPQQAFCNADVVIRAKAVSEKEVDSGNDIYGGPIKRIQYEIKQIKMFKGPEKDIEFIYTAPGSAVCGVSLDVGGKKEYLIAGKAEGDGKMHIT,SIGGVHT,2,0.0,1.0,16.0,7.0,24.0,4.584962500721156,8.804777713625866,3.1382865820805956
CSCSPVHPQQAFCNADVVIRAKAVSEKEVDSGNDIYGGPIKRIQYEIKQIKMFKGPEKDIEFIYTAPMSAVCGVSLDVGGKKEYLIAGKAEGDGKMHIT,SIGMVHT,2,0.0,2.0,7.0,7.0,16.0,4.0,40.25041240514682,5.3309316600229915
CSCSPVHPQQAFCNADVVIRAKAVSEKEVDSGNDIYGGPIKRIQYEIKQIKMFKGPEKDIEFIYTAPSSAQCGVSLDVGGKKEYLIAGKAEGDGKMHIT,SIGSQHT,2,0.0,3.0,239.0,98.0,340.0,8.409390936137703,1.768323557548291,0.8223822748210035
CSCSPVHPQQAFCNADVVIRAKAVSEKEVDSGNDIYGGPIKRIQYEIKQIKMFKGPEKDIEFIYTAPSSATCGVSLDVGGKKEYLIAGKAEGDGKMHIT,SIGSTHT,2,0.0,2.0,15.0,10.0,27.0,4.754887502163468,18.783525789068516,4.231395986472077
CSCSPVHPQQAFCNADVVIRAKAVSEKEVDSGNDIYGGPIKRIQYEIKQIKMFKGPEKDIEFIYTAPSSAVCGVSLDVGGKKEYLIAGKAEGDGKMGIT,SIGSVGT,2,0.0,1.0,64.0,13.0,78.0,6.285402218862249,2.2011944284064664,1.1382865820805959
CSCSPVHPQQAFCNADVVIRAKAVSEKEVDSGNDIYGGPIKRIQYEIKQIKMFKGPEKDIEFIYTAPSSAVCGVSLDVGGKKEYLIAGKAEGDGKMLIT,SIGSVLT,2,0.0,1.0,34.0,23.0,58.0,5.857980995127572,4.143424806412172,2.0508237408302565
CSCSPVHPQQAFCNADVVIRAKAVSEKEVDSGNDIYGGPIKRIQYEIKQIKMFKGPEKDIEFIYTAPSSAVCGVSLDVGGKKEYLIAGKAEGDGKMRIT,SIGSVRT,2,0.0,1.0,36.0,18.0,55.0,5.78135971352466,3.913234539389274,1.9683615806382835
CSCSPVHPQQAFCNADVVIRAKAVSEKEVDSGNDIYGIPIKRIQYEIKQIKMFKGPEKDIEFIYTAPSSAVCGVSLDVGGKKEYLIAGKAEGDGKMHIA,SIISVHA,2,0.0,1.0,1.0,1.0,3.0,1.584962500721156,140.87644341801385,7.138286582080596
CSCSPVHPQQAFCNADVVIRAKAVSEKEVDSGNDIYGLPIKRIQYEIKQIKMFKGPEKDIEFIYTAPSSAVCGVSLDVGGKKEYLIAGKAEGDGKMHIQ,SILSVHQ,2,0.0,1.0,1.0,1.0,3.0,1.584962500721156,140.87644341801385,7.138286582080596
CSCSPVHPQQAFCNADVVIRAKAVSEKEVDSGNDIYGLPIKRIQYEIKQIKMFKGPEKDIEFIYTAPSSAVCGVSLDVGGKKEYLIAGKAEGDGKMHIW,SILSVHW,2,0.0,1.0,1.0,1.0,3.0,1.584962500721156,140.87644341801385,7.138286582080596
CSCSPVHPQQAFCNADVVIRAKAVSEKEVDSGNDIYGNPIKRIQYEIKQIKMFKGPEKDIEFIYTAPASANCGVSLDVGGKKEYLIAGKAEGDGKMHIT,SINANHT,2,1.0,9.0,18.0,190.0,218.0,7.768184324776926,70.43822170900692,6.138286582080596
CSCSPVHPQQAFCNADVVIRAKAVSEKEVDSGNDIYGNPIKRIQYEIKQIKMFKGPEKDIEFIYTAPASAVCGVSLDVGGKKEYLIAGKAEGDGKMHIF,SINAVHF,2,0.0,1.0,2.0,2.0,5.0,2.321928094887362,70.43822170900692,6.138286582080596
CSCSPVHPQQAFCNADVVIRAKAVSEKEVDSGNDIYGNPIKRIQYEIKQIKMFKGPEKDIEFIYTAPCSAVCGVSLDVGGKKEYLIAGKAEGDGKMGIT,SINCVGT,2,0.0,1.0,13.0,3.0,17.0,4.087462841250339,10.836649493693374,3.437846863939504
CSCSPVHPQQAFCNADVVIRAKAVSEKEVDSGNDIYGNPIKRIQYEIKQIKMFKGPEKDIEFIYTAPCSAVCGVSLDVGGKKEYLIAGKAEGDGKMHIR,SINCVHR,2,0.0,2.0,182.0,21.0,205.0,7.679480099505446,1.548092784813339,0.6304919418818996
CSCSPVHPQQAFCNADVVIRAKAVSEKEVDSGNDIYGNPIKRIQYEIKQIKMFKGPEKDIEFIYTAPESAVCGVSLDVGGKKEYLIAGKAEGDGKMHIG,SINEVHG,2,0.0,2.0,93.0,85.0,180.0,7.491853096329675,3.0296009337207277,1.5991277709725644
CSCSPVHPQQAFCNADVVIRAKAVSEKEVDSGNDIYGNPIKRIQYEIKQIKMFKGPEKDIEFIYTAPESAVCGVSLDVGGKKEYLIAGKAEGDGKMHIS,SINEVHS,2,0.0,1.0,2.0,1.0,4.0,2.0,70.43822170900692,6.138286582080596
CSCSPVHPQQAFCNADVVIRAKAVSEKEVDSGNDIYGNPIKRIQYEIKQIKMFKGPEKDIEFIYTAPGSAVCGVSLDVGGKKEYLIAGKAEGDGKMHIW,SINGVHW,2,0.0,1.0,6.0,4.0,11.0,3.4594316186372973,23.479407236335643,4.55332408135944
CSCSPVHPQQAFCNADVVIRAKAVSEKEVDSGNDIYGNPIKRIQYEIKQIKMFKGPEKDIEFIYTAPGSAVCGVSLDVGGKKEYLIAGKAEGDGKMLIT,SINGVLT,2,0.0,1.0,15.0,8.0,24.0,4.584962500721156,9.391762894534258,3.2313959864720774
CSCSPVHPQQAFCNADVVIRAKAVSEKEVDSGNDIYGNPIKRIQYEIKQIKMFKGPEKDIEFIYTAPGSAVCGVSLDVGGKKEYLIAGKAEGDGKMSIT,SINGVST,2,0.0,1.0,3.0,1.0,5.0,2.321928094887362,46.958814472671286,5.55332408135944
CSCSPVHPQQAFCNADVVIRAKAVSEKEVDSGNDIYGNPIKRIQYEIKQIKMFKGPEKDIEFIYTAPLSAVCGVSLDVGGKKEYLIAGKAEGDGKMHIA,SINLVHA,2,0.0,1.0,8.0,4.0,13.0,3.700439718141092,17.60955542725173,4.138286582080596
CSCSPVHPQQAFCNADVVIRAKAVSEKEVDSGNDIYGNPIKRIQYEIKQIKMFKGPEKDIEFIYTAPMSAVCGVSLDVGGKKEYLIAGKAEGDGKMGIT,SINMVGT,2,0.0,1.0,10.0,6.0,17.0,4.087462841250339,14.087644341801385,3.8163584871932335
CSCSPVHPQQAFCNADVVIRAKAVSEKEVDSGNDIYGNPIKRIQYEIKQIKMFKGPEKDIEFIYTAPNSADCGVSLDVGGKKEYLIAGKAEGDGKMHIT,SINNDHT,2,0.0,4.0,21.0,203.0,228.0,7.832890014164741,26.833608270097876,4.745969159301835
CSCSPVHPQQAFCNADVVIRAKAVSEKEVDSGNDIYGNPIKRIQYEIKQIKMFKGPEKDIEFIYTAPPSAVCGVSLDVGGKKEYLIAGKAEGDGKMRIT,SINPVRT,2,0.0,1.0,1.0,2.0,4.0,2.0,140.87644341801385,7.138286582080596
CSCSPVHPQQAFCNADVVIRAKAVSEKEVDSGNDIYGNPIKRIQYEIKQIKMFKGPEKDIEFIYTAPRSAVCGVSLDVGGKKEYLIAGKAEGDGKMHIS,SINRVHS,2,0.0,6.0,500.0,261.0,767.0,9.583082767502933,1.6905173210161664,0.7574647981396652
CSCSPVHPQQAFCNADVVIRAKAVSEKEVDSGNDIYGNPIKRIQYEIKQIKMFKGPEKDIEFIYTAPRSAVCGVSLDVGGKKEYLIAGKAEGDGKMHIW,SINRVHW,2,0.0,1.0,58.0,28.0,87.0,6.442943495848728,2.428904196862308,1.2803055869530238
CSCSPVHPQQAFCNADVVIRAKAVSEKEVDSGNDIYGNPIKRIQYEIKQIKMFKGPEKDIEFIYTAPRSAVCGVSLDVGGKKEYLIAGKAEGDGKMQIT,SINRVQT,2,0.0,2.0,1072.0,282.0,1356.0,10.405141463136344,0.26282918548136913,-1.9278026083771767
CSCSPVHPQQAFCNADVVIRAKAVSEKEVDSGNDIYGNPIKRIQYEIKQIKMFKGPEKDIEFIYTAPSSAGCGVSLDVGGKKEYLIAGKAEGDGKMHIL,SINSGHL,2,0.0,1.0,1.0,1.0,3.0,1.584962500721156,140.87644341801385,7.138286582080596
CSCSPVHPQQAFCNADVVIRAKAVSEKEVDSGNDIYGNPIKRIQYEIKQIKMFKGPEKDIEFIYTAPSSALCGVSLDVGGKKEYLIAGKAEGDGKMHIL,SINSLHL,2,0.0,1.0,9.0,1.0,11.0,3.4594316186372973,15.652938157557095,3.9683615806382835
CSCSPVHPQQAFCNADVVIRAKAVSEKEVDSGNDIYGNPIKRIQYEIKQIKMFKGPEKDIEFIYTAPSSALCGVSLDVGGKKEYLIAGKAEGDGKMHIR,SINSLHR,2,0.0,1.0,40.0,5.0,46.0,5.523561956057013,3.521911085450346,1.8163584871932335
CSCSPVHPQQAFCNADVVIRAKAVSEKEVDSGNDIYGNPIKRIQYEIKQIKMFKGPEKDIEFIYTAPSSALCGVSLDVGGKKEYLIAGKAEGDGKMSIT,SINSLST,2,0.0,2.0,338.0,88.0,428.0,8.741466986401146,0.833588422591798,-0.26259285420158834
CSCSPVHPQQAFCNADVVIRAKAVSEKEVDSGNDIYGNPIKRIQYEIKQIKMFKGPEKDIEFIYTAPSSAMCGVSLDVGGKKEYLIAGKAEGDGKMHIS,SINSMHS,2,0.0,1.0,5.0,2.0,8.0,3.0,28.17528868360277,4.8163584871932335
CSCSPVHPQQAFCNADVVIRAKAVSEKEVDSGNDIYGNPIKRIQYEIKQIKMFKGPEKDIEFIYTAPSSAPCGVSLDVGGKKEYLIAGKAEGDGKMHIC,SINSPHC,2,0.0,1.0,4.0,1.0,6.0,2.584962500721156,35.21911085450346,5.138286582080596
CSCSPVHPQQAFCNADVVIRAKAVSEKEVDSGNDIYGNPIKRIQYEIKQIKMFKGPEKDIEFIYTAPSSAPCGVSLDVGGKKEYLIAGKAEGDGKMHIF,SINSPHF,2,0.0,1.0,4.0,9.0,14.0,3.807354922057604,35.21911085450346,5.138286582080596
CSCSPVHPQQAFCNADVVIRAKAVSEKEVDSGNDIYGNPIKRIQYEIKQIKMFKGPEKDIEFIYTAPSSAPCGVSLDVGGKKEYLIAGKAEGDGKMHIP,SINSPHP,2,0.0,2.0,3.0,1.0,6.0,2.584962500721156,93.91762894534257,6.55332408135944
CSCSPVHPQQAFCNADVVIRAKAVSEKEVDSGNDIYGNPIKRIQYEIKQIKMFKGPEKDIEFIYTAPSSASCGVSLDVGGKKEYLIAGKAEGDGKMHIA,SINSSHA,2,1.0,6.0,26.0,98.0,131.0,7.03342300153745,32.50994848108012,5.02280936466066
CSCSPVHPQQAFCNADVVIRAKAVSEKEVDSGNDIYGNPIKRIQYEIKQIKMFKGPEKDIEFIYTAPSSASCGVSLDVGGKKEYLIAGKAEGDGKMVIT,SINSSVT,2,0.0,1.0,6.0,3.0,10.0,3.321928094887362,23.479407236335643,4.55332408135944
CSCSPVHPQQAFCNADVVIRAKAVSEKEVDSGNDIYGNPIKRIQYEIKQIKMFKGPEKDIEFIYTAPSSATCGVSLDVGGKKEYLIAGKAEGDGKMGIT,SINSTGT,2,0.0,1.0,45.0,31.0,77.0,6.266786540694901,3.130587631511419,1.646433485750921
CSCSPVHPQQAFCNADVVIRAKAVSEKEVDSGNDIYGNPIKRIQYEIKQIKMFKGPEKDIEFIYTAPSSATCGVSLDVGGKKEYLIAGKAEGDGKMHIA,SINSTHA,2,0.0,1.0,15.0,6.0,22.0,4.459431618637297,9.391762894534258,3.2313959864720774
CSCSPVHPQQAFCNADVVIRAKAVSEKEVDSGNDIYGNPIKRIQYEIKQIKMFKGPEKDIEFIYTAPSSATCGVSLDVGGKKEYLIAGKAEGDGKMHIG,SINSTHG,2,0.0,2.0,42.0,18.0,62.0,5.954196310386875,6.708402067524469,2.7459691593018354
CSCSPVHPQQAFCNADVVIRAKAVSEKEVDSGNDIYGNPIKRIQYEIKQIKMFKGPEKDIEFIYTAPSSATCGVSLDVGGKKEYLIAGKAEGDGKMHIK,SINSTHK,2,0.0,2.0,9.0,5.0,16.0,4.0,31.30587631511419,4.968361580638284
CSCSPVHPQQAFCNADVVIRAKAVSEKEVDSGNDIYGNPIKRIQYEIKQIKMFKGPEKDIEFIYTAPSSATCGVSLDVGGKKEYLIAGKAEGDGKMHIM,SINSTHM,2,0.0,1.0,3.0,1.0,5.0,2.321928094887362,46.958814472671286,5.55332408135944
CSCSPVHPQQAFCNADVVIRAKAVSEKEVDSGNDIYGNPIKRIQYEIKQIKMFKGPEKDIEFIYTAPSSATCGVSLDVGGKKEYLIAGKAEGDGKMRIT,SINSTRT,2,0.0,1.0,26.0,10.0,37.0,5.20945336562895,5.418324746846687,2.437846863939504
CSCSPVHPQQAFCNADVVIRAKAVSEKEVDSGNDIYGNPIKRIQYEIKQIKMFKGPEKDIEFIYTAPSSAVCGVSLDVGGKKEYLIAGKAEGDGKMGIA,SINSVGA,2,0.0,1.0,4.0,15.0,20.0,4.321928094887363,35.21911085450346,5.138286582080596
CSCSPVHPQQAFCNADVVIRAKAVSEKEVDSGNDIYGNPIKRIQYEIKQIKMFKGPEKDIEFIYTAPSSAVCGVSLDVGGKKEYLIAGKAEGDGKMGID,SINSVGD,2,21.0,45.0,137.0,1353.0,1556.0,10.603626344986193,46.273284334384115,5.532107595449744
CSCSPVHPQQAFCNADVVIRAKAVSEKEVDSGNDIYGNPIKRIQYEIKQIKMFKGPEKDIEFIYTAPSSAVCGVSLDVGGKKEYLIAGKAEGDGKMGIV,SINSVGV,2,0.0,73.0,1124.0,664.0,1861.0,10.861862340059151,9.149448727326524,3.193684820739687
CSCSPVHPQQAFCNADVVIRAKAVSEKEVDSGNDIYGNPIKRIQYEIKQIKMFKGPEKDIEFIYTAPSSAVCGVSLDVGGKKEYLIAGKAEGDGKMLIF,SINSVLF,2,5.0,59.0,96.0,739.0,899.0,9.812177305514448,86.58031418398768,6.435967130721281
CSCSPVHPQQAFCNADVVIRAKAVSEKEVDSGNDIYGNPIKRIQYEIKQIKMFKGPEKDIEFIYTAPSSAVCGVSLDVGGKKEYLIAGKAEGDGKMQIQ,SINSVQQ,2,15.0,15.0,66.0,689.0,785.0,9.61654884377899,32.01737350409406,5.000783058330661
CSCSPVHPQQAFCNADVVIRAKAVSEKEVDSGNDIYGNPIKRIQYEIKQIKMFKGPEKDIEFIYTAPSSAVCGVSLDVGGKKEYLIAGKAEGDGKMRIA,SINSVRA,2,0.0,1.0,18.0,7.0,26.0,4.700439718141092,7.826469078778548,2.9683615806382835
CSCSPVHPQQAFCNADVVIRAKAVSEKEVDSGNDIYGNPIKRIQYEIKQIKMFKGPEKDIEFIYTAPSSAWCGVSLDVGGKKEYLIAGKAEGDGKMHIG,SINSWHG,2,0.0,4.0,305.0,146.0,455.0,8.829722735086058,1.84755991367887,0.8856211496303471
CSCSPVHPQQAFCNADVVIRAKAVSEKEVDSGNDIYGNPIKRIQYEIKQIKMFKGPEKDIEFIYTAPSSAWCGVSLDVGGKKEYLIAGKAEGDGKMRIT,SINSWRT,2,0.0,1.0,16.0,6.0,23.0,4.523561956057013,8.804777713625866,3.1382865820805956
CSCSPVHPQQAFCNADVVIRAKAVSEKEVDSGNDIYGNPIKRIQYEIKQIKMFKGPEKDIEFIYTAPTSAVCGVSLDVGGKKEYLIAGKAEGDGKMHIG,SINTVHG,2,0.0,1.0,42.0,7.0,50.0,5.643856189774724,3.3542010337622346,1.7459691593018356
CSCSPVHPQQAFCNADVVIRAKAVSEKEVDSGNDIYGNPIKRIQYEIKQIKMFKGPEKDIEFIYTAPTSAVCGVSLDVGGKKEYLIAGKAEGDGKMHIY,SINTVHY,2,0.0,1.0,2.0,4.0,7.0,2.807354922057604,70.43822170900692,6.138286582080596
CSCSPVHPQQAFCNADVVIRAKAVSEKEVDSGNDIYGNPIKRIQYEIKQIKMFKGPEKDIEFIYTAPVSAVCGVSLDVGGKKEYLIAGKAEGDGKMHIY,SINVVHY,2,0.0,1.0,3.0,0.0,4.0,2.0,46.958814472671286,5.55332408135944
CSCSPVHPQQAFCNADVVIRAKAVSEKEVDSGNDIYGNPIKRIQYEIKQIKMFKGPEKDIEFIYTAPYSAACGVSLDVGGKKEYLIAGKAEGDGKMHIT,SINYAHT,2,0.0,1.0,3.0,3.0,7.0,2.807354922057604,46.958814472671286,5.55332408135944
CSCSPVHPQQAFCNADVVIRAKAVSEKEVDSGNDIYGNPIKRIQYEIKQIKMFKGPEKDIEFIYTAPYSAPCGVSLDVGGKKEYLIAGKAEGDGKMHIT,SINYPHT,2,0.0,1.0,1.0,3.0,5.0,2.321928094887362,140.87644341801385,7.138286582080596
CSCSPVHPQQAFCNADVVIRAKAVSEKEVDSGNDIYGNPIKRIQYEIKQIKMFKGPEKDIEFIYTAPYSATCGVSLDVGGKKEYLIAGKAEGDGKMHIT,SINYTHT,2,3.0,22.0,70.0,946.0,1041.0,10.023754353299417,44.2754536456615,5.468435183772927
CSCSPVHPQQAFCNADVVIRAKAVSEKEVDSGNDIYGNPIKRIQYEIKQIKMFKGPEKDIEFIYTAPYSAVCGVSLDVGGKKEYLIAGKAEGDGKMHIW,SINYVHW,2,0.0,1.0,4.0,1.0,6.0,2.584962500721156,35.21911085450346,5.138286582080596
CSCSPVHPQQAFCNADVVIRAKAVSEKEVDSGNDIYGPPIKRIQYEIKQIKMFKGPEKDIEFIYTAPSSALCGVSLDVGGKKEYLIAGKAEGDGKMHIT,SIPSLHT,2,0.0,1.0,4.0,2.0,7.0,2.807354922057604,35.21911085450346,5.138286582080596
CSCSPVHPQQAFCNADVVIRAKAVSEKEVDSGNDIYGQPIKRIQYEIKQIKMFKGPEKDIEFIYTAPSSARCGVSLDVGGKKEYLIAGKAEGDGKMHIT,SIQSRHT,2,0.0,1.0,1.0,0.0,2.0,1.0,140.87644341801385,7.138286582080596
CSCSPVHPQQAFCNADVVIRAKAVSEKEVDSGNDIYGRPIKRIQYEIKQIKMFKGPEKDIEFIYTAPKSAVCGVSLDVGGKKEYLIAGKAEGDGKMHIT,SIRKVHT,2,0.0,1.0,6.0,3.0,10.0,3.321928094887362,23.479407236335643,4.55332408135944
CSCSPVHPQQAFCNADVVIRAKAVSEKEVDSGNDIYGRPIKRIQYEIKQIKMFKGPEKDIEFIYTAPMSAVCGVSLDVGGKKEYLIAGKAEGDGKMHIT,SIRMVHT,2,0.0,1.0,14.0,30.0,45.0,5.491853096329675,10.062603101286705,3.330931660022992
CSCSPVHPQQAFCNADVVIRAKAVSEKEVDSGNDIYGRPIKRIQYEIKQIKMFKGPEKDIEFIYTAPSSATCGVSLDVGGKKEYLIAGKAEGDGKMHIT,SIRSTHT,2,0.0,2.0,69.0,28.0,99.0,6.6293566200796095,4.083375171536634,2.029762125302427
CSCSPVHPQQAFCNADVVIRAKAVSEKEVDSGNDIYGRPIKRIQYEIKQIKMFKGPEKDIEFIYTAPSSAVCGVSLDVGGKKEYLIAGKAEGDGKMGIT,SIRSVGT,2,0.0,1.0,142.0,40.0,183.0,7.515699838284043,0.992087629704323,-0.011460537424086118
CSCSPVHPQQAFCNADVVIRAKAVSEKEVDSGNDIYGRPIKRIQYEIKQIKMFKGPEKDIEFIYTAPSSAVCGVSLDVGGKKEYLIAGKAEGDGKMHIM,SIRSVHM,2,0.0,1.0,19.0,5.0,25.0,4.643856189774724,7.414549653579677,2.8903590686370104
CSCSPVHPQQAFCNADVVIRAKAVSEKEVDSGNDIYGRPIKRIQYEIKQIKMFKGPEKDIEFIYTAPTSAVCGVSLDVGGKKEYLIAGKAEGDGKMHIT,SIRTVHT,2,0.0,1.0,54.0,17.0,72.0,6.169925001442312,2.608823026259516,1.3833990799171274
CSCSPVHPQQAFCNADVVIRAKAVSEKEVDSGNDIYGSPIKRIQYEIKQIKMFKGPEKDIEFIYTAPSSAVCGVSLDVGGKKEYLIAGKAEGDGKMVIT,SISSVVT,2,0.0,1.0,1.0,1.0,3.0,1.584962500721156,140.87644341801385,7.138286582080596
CSCSPVHPQQAFCNADVVIRAKAVSEKEVDSGNDIYGVPIKRIQYEIKQIKMFKGPEKDIEFIYTAPSSALCGVSLDVGGKKEYLIAGKAEGDGKMHIT,SIVSLHT,2,0.0,1.0,17.0,3.0,21.0,4.392317422778761,8.286849612824344,3.0508237408302565
CSCSPVHPQQAFCNADVVIRAKAVSEKEVDSGNDIYGVPIKRIQYEIKQIKMFKGPEKDIEFIYTAPSSAVCGVSLDVGGKKEYLIAGKAEGDGKMHIG,SIVSVHG,2,0.0,2.0,42.0,20.0,64.0,6.0,6.708402067524469,2.7459691593018354
CSCSPVHPQQAFCNADVVIRAKAVSEKEVDSGNDIYGVPIKRIQYEIKQIKMFKGPEKDIEFIYTAPSSAVCGVSLDVGGKKEYLIAGKAEGDGKMSIT,SIVSVST,2,0.0,1.0,4.0,0.0,5.0,2.321928094887362,35.21911085450346,5.138286582080596
CSCSPVHPQQAFCNADVVIRAKAVSEKEVDSGNDIYGWPIKRIQYEIKQIKMFKGPEKDIEFIYTAPSSALCGVSLDVGGKKEYLIAGKAEGDGKMHIT,SIWSLHT,2,0.0,1.0,29.0,12.0,42.0,5.392317422778761,4.857808393724616,2.2803055869530238
CSCSPVHPQQAFCNADVVIRAKAVSEKEVDSGNDIYGWPIKRIQYEIKQIKMFKGPEKDIEFIYTAPSSAVCGVSLDVGGKKEYLIAGKAEGDGKMGIT,SIWSVGT,2,0.0,1.0,52.0,13.0,66.0,6.044394119358453,2.7091623734233434,1.4378468639395037
CSCSPVHPQQAFCNADVVIRAKAVSEKEVDSGNDIYGWPIKRIQYEIKQIKMFKGPEKDIEFIYTAPSSAWCGVSLDVGGKKEYLIAGKAEGDGKMHIT,SIWSWHT,2,0.0,6.0,764.0,176.0,946.0,9.885696373339394,1.1063595032828313,0.14582025476600333
CSCSPVHPQQAFCNADVVIRAKAVSEKEVDSGNDKYGDPIKRIQYEIKQIKMFKGPEKDIEFIYTAPSSAVCGVSLDVGGKKEYLIAGKAEGDGKMHIT,SKDSVHT,2,0.0,1.0,3.0,36.0,40.0,5.321928094887363,46.958814472671286,5.55332408135944
CSCSPVHPQQAFCNADVVIRAKAVSEKEVDSGNDKYGNPIKRIQYEIKQIKMFKGPEKDIEFIYTAPSSALCGVSLDVGGKKEYLIAGKAEGDGKMHIT,SKNSLHT,2,0.0,1.0,1.0,1.0,3.0,1.584962500721156,140.87644341801385,7.138286582080596
CSCSPVHPQQAFCNADVVIRAKAVSEKEVDSGNDKYGNPIKRIQYEIKQIKMFKGPEKDIEFIYTAPSSAPCGVSLDVGGKKEYLIAGKAEGDGKMHIT,SKNSPHT,2,0.0,1.0,2.0,0.0,3.0,1.584962500721156,70.43822170900692,6.138286582080596
CSCSPVHPQQAFCNADVVIRAKAVSEKEVDSGNDLYGNPIKRIQYEIKQIKMFKGPEKDIEFIYTAPASAVCGVSLDVGGKKEYLIAGKAEGDGKMHIT,SLNAVHT,2,0.0,4.0,202.0,73.0,279.0,8.124121311829187,2.7896325429309674,1.4800750993288012
CSCSPVHPQQAFCNADVVIRAKAVSEKEVDSGNDLYGNPIKRIQYEIKQIKMFKGPEKDIEFIYTAPRSAVCGVSLDVGGKKEYLIAGKAEGDGKMHIT,SLNRVHT,2,0.0,1.0,53.0,12.0,66.0,6.044394119358453,2.6580461022266766,1.4103661275173967
CSCSPVHPQQAFCNADVVIRAKAVSEKEVDSGNDLYGNPIKRIQYEIKQIKMFKGPEKDIEFIYTAPSSALCGVSLDVGGKKEYLIAGKAEGDGKMHIT,SLNSLHT,2,0.0,1.0,38.0,12.0,51.0,5.672425341971495,3.7072748267898383,1.8903590686370104
CSCSPVHPQQAFCNADVVIRAKAVSEKEVDSGNDLYGNPIKRIQYEIKQIKMFKGPEKDIEFIYTAPSSAQCGVSLDVGGKKEYLIAGKAEGDGKMHIT,SLNSQHT,2,0.0,1.0,13.0,2.0,16.0,4.0,10.836649493693374,3.437846863939504
CSCSPVHPQQAFCNADVVIRAKAVSEKEVDSGNDLYGNPIKRIQYEIKQIKMFKGPEKDIEFIYTAPSSAVCGVSLDVGGKKEYLIAGKAEGDGKMGIT,SLNSVGT,2,0.0,2.0,63.0,15.0,80.0,6.321928094887363,4.472268045016313,2.1610066585806793
CSCSPVHPQQAFCNADVVIRAKAVSEKEVDSGNDLYGNPIKRIQYEIKQIKMFKGPEKDIEFIYTAPSSAVCGVSLDVGGKKEYLIAGKAEGDGKMLIT,SLNSVLT,2,0.0,1.0,44.0,16.0,61.0,5.930737337562887,3.2017373504094055,1.6788549634432985
CSCSPVHPQQAFCNADVVIRAKAVSEKEVDSGNDMYGAPIKRIQYEIKQIKMFKGPEKDIEFIYTAPSSAVCGVSLDVGGKKEYLIAGKAEGDGKMHIT,SMASVHT,2,2.0,15.0,56.0,452.0,525.0,9.036173612553485,37.73476162982514,5.23782225563151
CSCSPVHPQQAFCNADVVIRAKAVSEKEVDSGNDMYGDPIKRIQYEIKQIKMFKGPEKDIEFIYTAPSSAVCGVSLDVGGKKEYLIAGKAEGDGKMHIT,SMDSVHT,2,0.0,1.0,5.0,8.0,14.0,3.807354922057604,28.17528868360277,4.8163584871932335
CSCSPVHPQQAFCNADVVIRAKAVSEKEVDSGNDMYGNPIKRIQYEIKQIKMFKGPEKDIEFIYTAPSSATCGVSLDVGGKKEYLIAGKAEGDGKMHIT,SMNSTHT,2,0.0,1.0,7.0,7.0,15.0,3.9068905956085187,20.12520620257341,4.3309316600229915
CSCSPVHPQQAFCNADVVIRAKAVSEKEVDSGNDMYGNPIKRIQYEIKQIKMFKGPEKDIEFIYTAPSSAVCGVSLDVGGKKEYLIAGKAEGDGKMHIP,SMNSVHP,2,0.0,1.0,4.0,1.0,6.0,2.584962500721156,35.21911085450346,5.138286582080596
CSCSPVHPQQAFCNADVVIRAKAVSEKEVDSGNDMYGNPIKRIQYEIKQIKMFKGPEKDIEFIYTAPSSAVCGVSLDVGGKKEYLIAGKAEGDGKMHIR,SMNSVHR,2,0.0,1.0,21.0,12.0,34.0,5.087462841250339,6.708402067524469,2.7459691593018354
CSCSPVHPQQAFCNADVVIRAKAVSEKEVDSGNDMYGNPIKRIQYEIKQIKMFKGPEKDIEFIYTAPSSAVCGVSLDVGGKKEYLIAGKAEGDGKMLIT,SMNSVLT,2,0.0,1.0,11.0,6.0,18.0,4.169925001442312,12.806949401637622,3.6788549634432983
CSCSPVHPQQAFCNADVVIRAKAVSEKEVDSGNDNYGNPIKRIQYEIKQIKMFKGPEKDIEFIYTAPSSAPCGVSLDVGGKKEYLIAGKAEGDGKMHIT,SNNSPHT,2,0.0,1.0,23.0,5.0,29.0,4.857980995127572,6.12506275730495,2.614724626023583
CSCSPVHPQQAFCNADVVIRAKAVSEKEVDSGNDNYGNPIKRIQYEIKQIKMFKGPEKDIEFIYTAPSSAVCGVSLDVGGKKEYLIAGKAEGDGKMHIA,SNNSVHA,2,0.0,1.0,6.0,4.0,11.0,3.4594316186372973,23.479407236335643,4.55332408135944
CSCSPVHPQQAFCNADVVIRAKAVSEKEVDSGNDNYGRPIKRIQYEIKQIKMFKGPEKDIEFIYTAPSSAVCGVSLDVGGKKEYLIAGKAEGDGKMHIT,SNRSVHT,2,0.0,46.0,989.0,541.0,1576.0,10.622051819456376,6.552392717116924,2.712021827378498
CSCSPVHPQQAFCNADVVIRAKAVSEKEVDSGNDPYGNPIKRIQYEIKQIKMFKGPEKDIEFIYTAPSSASCGVSLDVGGKKEYLIAGKAEGDGKMHIT,SPNSSHT,2,0.0,9.0,239.0,70.0,318.0,8.312882955284355,5.304970672644872,2.4073447755421595
CSCSPVHPQQAFCNADVVIRAKAVSEKEVDSGNDPYGNPIKRIQYEIKQIKMFKGPEKDIEFIYTAPSSATCGVSLDVGGKKEYLIAGKAEGDGKMHIT,SPNSTHT,2,0.0,1.0,31.0,11.0,43.0,5.426264754702098,4.544401400581092,2.1840902716937207
CSCSPVHPQQAFCNADVVIRAKAVSEKEVDSGNDPYGNPIKRIQYEIKQIKMFKGPEKDIEFIYTAPSSAVCGVSLDVGGKKEYLIAGKAEGDGKMHIG,SPNSVHG,2,0.0,1.0,148.0,68.0,217.0,7.7615512324444795,0.9518678609325261,-0.07116678354835386
CSCSPVHPQQAFCNADVVIRAKAVSEKEVDSGNDPYGNPIKRIQYEIKQIKMFKGPEKDIEFIYTAPSSAVCGVSLDVGGKKEYLIAGKAEGDGKMHIS,SPNSVHS,2,0.0,1.0,37.0,16.0,54.0,5.754887502163468,3.8074714437301043,1.9288332164516462
CSCSPVHPQQAFCNADVVIRAKAVSEKEVDSGNDQYGNPIKRIQYEIKQIKMFKGPEKDIEFIYTAPSSATCGVSLDVGGKKEYLIAGKAEGDGKMHIT,SQNSTHT,2,0.0,1.0,2.0,3.0,6.0,2.584962500721156,70.43822170900692,6.138286582080596
CSCSPVHPQQAFCNADVVIRAKAVSEKEVDSGNDRYGNPIKRIQYEIKQIKMFKGPEKDIEFIYTAPESAVCGVSLDVGGKKEYLIAGKAEGDGKMHIT,SRNEVHT,2,0.0,1.0,2.0,3.0,6.0,2.584962500721156,70.43822170900692,6.138286582080596
CSCSPVHPQQAFCNADVVIRAKAVSEKEVDSGNDRYGNPIKRIQYEIKQIKMFKGPEKDIEFIYTAPGSAVCGVSLDVGGKKEYLIAGKAEGDGKMHIT,SRNGVHT,2,0.0,2.0,62.0,36.0,100.0,6.643856189774724,4.544401400581092,2.1840902716937207
CSCSPVHPQQAFCNADVVIRAKAVSEKEVDSGNDRYGNPIKRIQYEIKQIKMFKGPEKDIEFIYTAPISAVCGVSLDVGGKKEYLIAGKAEGDGKMHIT,SRNIVHT,2,0.0,1.0,16.0,4.0,21.0,4.392317422778761,8.804777713625866,3.1382865820805956
CSCSPVHPQQAFCNADVVIRAKAVSEKEVDSGNDRYGNPIKRIQYEIKQIKMFKGPEKDIEFIYTAPMSAVCGVSLDVGGKKEYLIAGKAEGDGKMHIT,SRNMVHT,2,0.0,2.0,18.0,32.0,52.0,5.700439718141092,15.652938157557095,3.9683615806382835
CSCSPVHPQQAFCNADVVIRAKAVSEKEVDSGNDRYGNPIKRIQYEIKQIKMFKGPEKDIEFIYTAPSSAPCGVSLDVGGKKEYLIAGKAEGDGKMHIT,SRNSPHT,2,0.0,1.0,118.0,43.0,162.0,7.339850002884624,1.1938681645594393,0.2556435327187545
CSCSPVHPQQAFCNADVVIRAKAVSEKEVDSGNDRYGNPIKRIQYEIKQIKMFKGPEKDIEFIYTAPSSAQCGVSLDVGGKKEYLIAGKAEGDGKMHIT,SRNSQHT,2,0.0,1.0,37.0,11.0,49.0,5.614709844115208,3.8074714437301043,1.9288332164516462
CSCSPVHPQQAFCNADVVIRAKAVSEKEVDSGNDRYGNPIKRIQYEIKQIKMFKGPEKDIEFIYTAPSSAVCGVSLDVGGKKEYLIAGKAEGDGKMCIT,SRNSVCT,2,0.0,1.0,17.0,15.0,33.0,5.044394119358453,8.286849612824344,3.0508237408302565
CSCSPVHPQQAFCNADVVIRAKAVSEKEVDSGNDRYGNPIKRIQYEIKQIKMFKGPEKDIEFIYTAPSSAVCGVSLDVGGKKEYLIAGKAEGDGKMGIT,SRNSVGT,2,0.0,1.0,210.0,82.0,293.0,8.194756854422248,0.6708402067524469,-0.5759589355855267
CSCSPVHPQQAFCNADVVIRAKAVSEKEVDSGNDRYGNPIKRIQYEIKQIKMFKGPEKDIEFIYTAPSSAVCGVSLDVGGKKEYLIAGKAEGDGKMHIL,SRNSVHL,2,0.0,1.0,32.0,13.0,46.0,5.523561956057013,4.402388856812933,2.1382865820805956
CSCSPVHPQQAFCNADVVIRAKAVSEKEVDSGNDRYGNPIKRIQYEIKQIKMFKGPEKDIEFIYTAPSSAVCGVSLDVGGKKEYLIAGKAEGDGKMHIS,SRNSVHS,2,0.0,1.0,325.0,133.0,459.0,8.842350343413807,0.43346597974773493,-1.206009325835221
CSCSPVHPQQAFCNADVVIRAKAVSEKEVDSGNDSYGNPIKRIQYEIKQIKMFKGPEKDIEFIYTAPSSAKCGVSLDVGGKKEYLIAGKAEGDGKMHIT,SSNSKHT,2,5.0,2.0,214.0,85.0,306.0,8.257387842692651,1.316602274934709,0.3968195956794491
CSCSPVHPQQAFCNADVVIRAKAVSEKEVDSGNDSYGNPIKRIQYEIKQIKMFKGPEKDIEFIYTAPSSALCGVSLDVGGKKEYLIAGKAEGDGKMHIT,SSNSLHT,2,0.0,1.0,20.0,6.0,27.0,4.754887502163468,7.043822170900692,2.8163584871932335
CSCSPVHPQQAFCNADVVIRAKAVSEKEVDSGNDSYGNPIKRIQYEIKQIKMFKGPEKDIEFIYTAPSSATCGVSLDVGGKKEYLIAGKAEGDGKMHIT,SSNSTHT,2,0.0,3.0,21.0,7.0,31.0,4.954196310386875,20.12520620257341,4.3309316600229915
CSCSPVHPQQAFCNADVVIRAKAVSEKEVDSGNDSYGNPIKRIQYEIKQIKMFKGPEKDIEFIYTAPSSAVCGVSLDVGGKKEYLIAGKAEGDGKMHIF,SSNSVHF,2,0.0,1.0,6.0,11.0,18.0,4.169925001442312,23.479407236335643,4.55332408135944
CSCSPVHPQQAFCNADVVIRAKAVSEKEVDSGNDSYGNPIKRIQYEIKQIKMFKGPEKDIEFIYTAPSSAVCGVSLDVGGKKEYLIAGKAEGDGKMHIP,SSNSVHP,2,0.0,2.0,9.0,3.0,14.0,3.807354922057604,31.30587631511419,4.968361580638284
CSCSPVHPQQAFCNADVVIRAKAVSEKEVDSGNDSYGNPIKRIQYEIKQIKMFKGPEKDIEFIYTAPSSAVCGVSLDVGGKKEYLIAGKAEGDGKMMIT,SSNSVMT,2,0.0,1.0,1.0,1.0,3.0,1.584962500721156,140.87644341801385,7.138286582080596
CSCSPVHPQQAFCNADVVIRAKAVSEKEVDSGNDSYGNPIKRIQYEIKQIKMFKGPEKDIEFIYTAPWSAVCGVSLDVGGKKEYLIAGKAEGDGKMHIT,SSNWVHT,2,0.0,1.0,25.0,9.0,35.0,5.129283016944966,5.6350577367205545,2.4944303923058713
CSCSPVHPQQAFCNADVVIRAKAVSEKEVDSGNDTYGDPIKRIQYEIKQIKMFKGPEKDIEFIYTAPSSAVCGVSLDVGGKKEYLIAGKAEGDGKMHIT,STDSVHT,2,5.0,15.0,104.0,1136.0,1260.0,10.29920801838728,20.318717800675074,4.344737459548022
CSCSPVHPQQAFCNADVVIRAKAVSEKEVDSGNDTYGNPIKRIQYEIKQIKMFKGPEKDIEFIYTAPTSAVCGVSLDVGGKKEYLIAGKAEGDGKMHIT,STNTVHT,2,1.0,1.0,15.0,8.0,25.0,4.643856189774724,9.391762894534258,3.2313959864720774
CSCSPVHPQQAFCNADVVIRAKAVSEKEVDSGNDVYGDPIKRIQYEIKQIKMFKGPEKDIEFIYTAPSSAVCGVSLDVGGKKEYLIAGKAEGDGKMHIT,SVDSVHT,2,0.0,2.0,1.0,1.0,4.0,2.0,281.7528868360277,8.138286582080596
CSCSPVHPQQAFCNADVVIRAKAVSEKEVDSGNDVYGHPIKRIQYEIKQIKMFKGPEKDIEFIYTAPSSAVCGVSLDVGGKKEYLIAGKAEGDGKMHIT,SVHSVHT,2,0.0,2.0,2.0,3.0,7.0,2.807354922057604,140.87644341801385,7.138286582080596
CSCSPVHPQQAFCNADVVIRAKAVSEKEVDSGNDVYGNPIKRIQYEIKQIKMFKGPEKDIEFIYTAPCSAVCGVSLDVGGKKEYLIAGKAEGDGKMHIT,SVNCVHT,2,0.0,1.0,12.0,5.0,18.0,4.169925001442312,11.739703618167821,3.5533240813594396
CSCSPVHPQQAFCNADVVIRAKAVSEKEVDSGNDVYGNPIKRIQYEIKQIKMFKGPEKDIEFIYTAPSSAPCGVSLDVGGKKEYLIAGKAEGDGKMHIT,SVNSPHT,2,0.0,2.0,69.0,23.0,94.0,6.554588851677638,4.083375171536634,2.029762125302427
CSCSPVHPQQAFCNADVVIRAKAVSEKEVDSGNDVYGNPIKRIQYEIKQIKMFKGPEKDIEFIYTAPSSARCGVSLDVGGKKEYLIAGKAEGDGKMHIT,SVNSRHT,2,0.0,1.0,98.0,30.0,129.0,7.011227255423254,1.4375147287552434,0.5235767379653877
CSCSPVHPQQAFCNADVVIRAKAVSEKEVDSGNDVYGNPIKRIQYEIKQIKMFKGPEKDIEFIYTAPSSASCGVSLDVGGKKEYLIAGKAEGDGKMHIT,SVNSSHT,2,0.0,2.0,83.0,21.0,106.0,6.727920454563199,3.3946130944099724,1.763247150733671
CSCSPVHPQQAFCNADVVIRAKAVSEKEVDSGNDVYGNPIKRIQYEIKQIKMFKGPEKDIEFIYTAPSSATCGVSLDVGGKKEYLIAGKAEGDGKMHIT,SVNSTHT,2,0.0,1.0,45.0,31.0,77.0,6.266786540694901,3.130587631511419,1.646433485750921
CSCSPVHPQQAFCNADVVIRAKAVSEKEVDSGNDVYGNPIKRIQYEIKQIKMFKGPEKDIEFIYTAPSSAVCGVSLDVGGKKEYLIAGKAEGDGKMHIL,SVNSVHL,2,0.0,1.0,22.0,11.0,34.0,5.087462841250339,6.403474700818811,2.6788549634432983
CSCSPVHPQQAFCNADVVIRAKAVSEKEVDSGNDVYGNPIKRIQYEIKQIKMFKGPEKDIEFIYTAPSSAVCGVSLDVGGKKEYLIAGKAEGDGKMHIR,SVNSVHR,2,0.0,1.0,165.0,34.0,200.0,7.643856189774724,0.8537966267758416,-0.22803563216521988
CSCSPVHPQQAFCNADVVIRAKAVSEKEVDSGNDVYGNPIKRIQYEIKQIKMFKGPEKDIEFIYTAPSSAVCGVSLDVGGKKEYLIAGKAEGDGKMKIT,SVNSVKT,2,0.0,1.0,343.0,100.0,444.0,8.794415866350105,0.41071849393006954,-1.2837781840922164
CSCSPVHPQQAFCNADVVIRAKAVSEKEVDSGNDVYGRPIKRIQYEIKQIKMFKGPEKDIEFIYTAPSSAVCGVSLDVGGKKEYLIAGKAEGDGKMHIT,SVRSVHT,2,3.0,25.0,69.0,589.0,686.0,9.422064766172813,51.042189644207916,5.673618315077151
CSCSPVHPQQAFCNADVVIRAKAVSEKEVDSGNDWYGNPIKRIQYEIKQIKMFKGPEKDIEFIYTAPSSALCGVSLDVGGKKEYLIAGKAEGDGKMHIT,SWNSLHT,2,0.0,1.0,37.0,12.0,50.0,5.643856189774724,3.8074714437301043,1.9288332164516462
CSCSPVHPQQAFCNADVVIRAKAVSEKEVDSGNDWYGNPIKRIQYEIKQIKMFKGPEKDIEFIYTAPSSASCGVSLDVGGKKEYLIAGKAEGDGKMHIT,SWNSSHT,2,0.0,1.0,55.0,15.0,71.0,6.149747119504682,2.561389880327525,1.3569268685559364
CSCSPVHPQQAFCNADVVIRAKAVSEKEVDSGNDWYGNPIKRIQYEIKQIKMFKGPEKDIEFIYTAPSSAVCGVSLDVGGKKEYLIAGKAEGDGKMHIS,SWNSVHS,2,0.0,1.0,54.0,22.0,77.0,6.266786540694901,2.608823026259516,1.3833990799171274
CSCSPVHPQQAFCNADVVIRAKAVSEKEVDSGNDAYGNPIKRIQYEIKQIKMFKGPEKDIEFIYTAPSSATCGVSLDVGGKKEYLIAGKAEGDGKMLIT,SANSTLT,3,0.0,1.0,2.0,1.0,4.0,2.0,70.43822170900692,6.138286582080596
CSCSPVHPQQAFCNADVVIRAKAVSEKEVDSGNDAYGNPIKRIQYEIKQIKMFKGPEKDIEFIYTAPSSAVCGVSLDVGGKKEYLIAGKAEGDGKMGID,SANSVGD,3,0.0,1.0,7.0,65.0,73.0,6.189824558880018,20.12520620257341,4.3309316600229915
CSCSPVHPQQAFCNADVVIRAKAVSEKEVDSGNDAYGNPIKRIQYEIKQIKMFKGPEKDIEFIYTAPSSAVCGVSLDVGGKKEYLIAGKAEGDGKMGIV,SANSVGV,3,0.0,1.0,75.0,40.0,116.0,6.857980995127572,1.8783525789068514,0.909467891584715
CSCSPVHPQQAFCNADVVIRAKAVSEKEVDSGNDAYGNPIKRIQYEIKQIKMFKGPEKDIEFIYTAPSSAVCGVSLDVGGKKEYLIAGKAEGDGKMLIF,SANSVLF,3,0.0,2.0,5.0,26.0,33.0,5.044394119358453,56.35057736720554,5.8163584871932335
CSCSPVHPQQAFCNADVVIRAKAVSEKEVDSGNDCYGNPIKRIQYEIKQIKMFKGPEKDIEFIYTAPRSAVCGVSLDVGGKKEYLIAGKAEGDGKMHIS,SCNRVHS,3,0.0,1.0,1.0,2.0,4.0,2.0,140.87644341801385,7.138286582080596
CSCSPVHPQQAFCNADVVIRAKAVSEKEVDSGNDDYGNPIKRIQYEIKQIKMFKGPEKDIEFIYTAPSSAVCGVSLDVGGKKEYLIAGKAEGDGKMGID,SDNSVGD,3,0.0,1.0,1.0,6.0,8.0,3.0,140.87644341801385,7.138286582080596
CSCSPVHPQQAFCNADVVIRAKAVSEKEVDSGNDFYGNPIKRIQYEIKQIKMFKGPEKDIEFIYTAPSSAVCGVSLDVGGKKEYLIAGKAEGDGKMGIV,SFNSVGV,3,0.0,1.0,1.0,3.0,5.0,2.321928094887362,140.87644341801385,7.138286582080596
CSCSPVHPQQAFCNADVVIRAKAVSEKEVDSGNDFYGNPIKRIQYEIKQIKMFKGPEKDIEFIYTAPSSAVCGVSLDVGGKKEYLIAGKAEGDGKMLIF,SFNSVLF,3,0.0,1.0,1.0,3.0,5.0,2.321928094887362,140.87644341801385,7.138286582080596
CSCSPVHPQQAFCNADVVIRAKAVSEKEVDSGNDGYGNPIKRIQYEIKQIKMFKGPEKDIEFIYTAPSSARCGVSLDVGGKKEYLIAGKAEGDGKMLIT,SGNSRLT,3,0.0,1.0,321.0,101.0,423.0,8.72451385311995,0.4388674249782363,-1.1881429050417074
CSCSPVHPQQAFCNADVVIRAKAVSEKEVDSGNDGYGNPIKRIQYEIKQIKMFKGPEKDIEFIYTAPSSAVCGVSLDVGGKKEYLIAGKAEGDGKMGID,SGNSVGD,3,0.0,1.0,6.0,60.0,67.0,6.066089190457772,23.479407236335643,4.55332408135944
CSCSPVHPQQAFCNADVVIRAKAVSEKEVDSGNDGYGNPIKRIQYEIKQIKMFKGPEKDIEFIYTAPSSAVCGVSLDVGGKKEYLIAGKAEGDGKMGIV,SGNSVGV,3,0.0,5.0,44.0,20.0,69.0,6.108524456778169,16.00868675204703,4.000783058330661
CSCSPVHPQQAFCNADVVIRAKAVSEKEVDSGNDGYGNPIKRIQYEIKQIKMFKGPEKDIEFIYTAPSSAVCGVSLDVGGKKEYLIAGKAEGDGKMLIF,SGNSVLF,3,0.0,2.0,1.0,25.0,28.0,4.807354922057604,281.7528868360277,8.138286582080596
CSCSPVHPQQAFCNADVVIRAKAVSEKEVDSGNDGYGNPIKRIQYEIKQIKMFKGPEKDIEFIYTAPSSAVCGVSLDVGGKKEYLIAGKAEGDGKMQIQ,SGNSVQQ,3,0.0,1.0,3.0,23.0,27.0,4.754887502163468,46.958814472671286,5.55332408135944
CSCSPVHPQQAFCNADVVIRAKAVSEKEVDSGNDGYGNPIKRIQYEIKQIKMFKGPEKDIEFIYTAPSSAWCGVSLDVGGKKEYLIAGKAEGDGKMHIR,SGNSWHR,3,0.0,1.0,147.0,26.0,174.0,7.442943495848728,0.9583431525034956,-0.0613857627557686
CSCSPVHPQQAFCNADVVIRAKAVSEKEVDSGNDIYGGPIKRIQYEIKQIKMFKGPEKDIEFIYTAPSSAVCGVSLDVGGKKEYLIAGKAEGDGKMGIV,SIGSVGV,3,0.0,1.0,21.0,7.0,29.0,4.857980995127572,6.708402067524469,2.7459691593018354
CSCSPVHPQQAFCNADVVIRAKAVSEKEVDSGNDIYGGPIKRIQYEIKQIKMFKGPEKDIEFIYTAPSSAVCGVSLDVGGKKEYLIAGKAEGDGKMLIF,SIGSVLF,3,1.0,1.0,2.0,12.0,16.0,4.0,70.43822170900692,6.138286582080596
CSCSPVHPQQAFCNADVVIRAKAVSEKEVDSGNDIYGGPIKRIQYEIKQIKMFKGPEKDIEFIYTAPYSATCGVSLDVGGKKEYLIAGKAEGDGKMHIT,SIGYTHT,3,0.0,1.0,2.0,18.0,21.0,4.392317422778761,70.43822170900692,6.138286582080596
CSCSPVHPQQAFCNADVVIRAKAVSEKEVDSGNDIYGIPIKRIQYEIKQIKMFKGPEKDIEFIYTAPSSAVCGVSLDVGGKKEYLIAGKAEGDGKMGIV,SIISVGV,3,0.0,1.0,7.0,2.0,10.0,3.321928094887362,20.12520620257341,4.3309316600229915
CSCSPVHPQQAFCNADVVIRAKAVSEKEVDSGNDIYGIPIKRIQYEIKQIKMFKGPEKDIEFIYTAPSSAVCGVSLDVGGKKEYLIAGKAEGDGKMLIF,SIISVLF,3,0.0,1.0,1.0,5.0,7.0,2.807354922057604,140.87644341801385,7.138286582080596
CSCSPVHPQQAFCNADVVIRAKAVSEKEVDSGNDIYGKPIKRIQYEIKQIKMFKGPEKDIEFIYTAPSSAVCGVSLDVGGKKEYLIAGKAEGDGKMGIV,SIKSVGV,3,0.0,1.0,3.0,1.0,5.0,2.321928094887362,46.958814472671286,5.55332408135944
CSCSPVHPQQAFCNADVVIRAKAVSEKEVDSGNDIYGNPIKRIQYEIKQIKMFKGPEKDIEFIYTAPASAVCGVSLDVGGKKEYLIAGKAEGDGKMGID,SINAVGD,3,0.0,1.0,2.0,7.0,10.0,3.321928094887362,70.43822170900692,6.138286582080596
CSCSPVHPQQAFCNADVVIRAKAVSEKEVDSGNDIYGNPIKRIQYEIKQIKMFKGPEKDIEFIYTAPFSAVCGVSLDVGGKKEYLIAGKAEGDGKMLIF,SINFVLF,3,0.0,1.0,1.0,5.0,7.0,2.807354922057604,140.87644341801385,7.138286582080596
CSCSPVHPQQAFCNADVVIRAKAVSEKEVDSGNDIYGNPIKRIQYEIKQIKMFKGPEKDIEFIYTAPGSAVCGVSLDVGGKKEYLIAGKAEGDGKMGIV,SINGVGV,3,0.0,1.0,13.0,13.0,27.0,4.754887502163468,10.836649493693374,3.437846863939504
CSCSPVHPQQAFCNADVVIRAKAVSEKEVDSGNDIYGNPIKRIQYEIKQIKMFKGPEKDIEFIYTAPGSAVCGVSLDVGGKKEYLIAGKAEGDGKMLIF,SINGVLF,3,0.0,1.0,1.0,11.0,13.0,3.700439718141092,140.87644341801385,7.138286582080596
CSCSPVHPQQAFCNADVVIRAKAVSEKEVDSGNDIYGNPIKRIQYEIKQIKMFKGPEKDIEFIYTAPLSAVCGVSLDVGGKKEYLIAGKAEGDGKMGIV,SINLVGV,3,0.0,5.0,21.0,8.0,34.0,5.087462841250339,33.542010337622344,5.067897254189198
CSCSPVHPQQAFCNADVVIRAKAVSEKEVDSGNDIYGNPIKRIQYEIKQIKMFKGPEKDIEFIYTAPLSAVCGVSLDVGGKKEYLIAGKAEGDGKMLIF,SINLVLF,3,1.0,1.0,1.0,7.0,10.0,3.321928094887362,140.87644341801385,7.138286582080596
CSCSPVHPQQAFCNADVVIRAKAVSEKEVDSGNDIYGNPIKRIQYEIKQIKMFKGPEKDIEFIYTAPLSAVCGVSLDVGGKKEYLIAGKAEGDGKMQIQ,SINLVQQ,3,0.0,1.0,2.0,9.0,12.0,3.584962500721156,70.43822170900692,6.138286582080596
CSCSPVHPQQAFCNADVVIRAKAVSEKEVDSGNDIYGNPIKRIQYEIKQIKMFKGPEKDIEFIYTAPMSAVCGVSLDVGGKKEYLIAGKAEGDGKMGID,SINMVGD,3,1.0,3.0,1.0,24.0,29.0,4.857980995127572,422.62933025404163,8.723249082801752
CSCSPVHPQQAFCNADVVIRAKAVSEKEVDSGNDIYGNPIKRIQYEIKQIKMFKGPEKDIEFIYTAPMSAVCGVSLDVGGKKEYLIAGKAEGDGKMGIV,SINMVGV,3,0.0,2.0,6.0,10.0,18.0,4.169925001442312,46.958814472671286,5.55332408135944
CSCSPVHPQQAFCNADVVIRAKAVSEKEVDSGNDIYGNPIKRIQYEIKQIKMFKGPEKDIEFIYTAPMSAVCGVSLDVGGKKEYLIAGKAEGDGKMQIQ,SINMVQQ,3,0.0,1.0,1.0,13.0,15.0,3.9068905956085187,140.87644341801385,7.138286582080596
CSCSPVHPQQAFCNADVVIRAKAVSEKEVDSGNDIYGNPIKRIQYEIKQIKMFKGPEKDIEFIYTAPQSAVCGVSLDVGGKKEYLIAGKAEGDGKMGIV,SINQVGV,3,0.0,1.0,2.0,0.0,3.0,1.584962500721156,70.43822170900692,6.138286582080596
CSCSPVHPQQAFCNADVVIRAKAVSEKEVDSGNDIYGNPIKRIQYEIKQIKMFKGPEKDIEFIYTAPRSAVCGVSLDVGGKKEYLIAGKAEGDGKMLIF,SINRVLF,3,0.0,3.0,4.0,23.0,30.0,4.906890595608519,105.65733256351041,6.723249082801752
CSCSPVHPQQAFCNADVVIRAKAVSEKEVDSGNDIYGNPIKRIQYEIKQIKMFKGPEKDIEFIYTAPSSACCGVSLDVGGKKEYLIAGKAEGDGKMGIV,SINSCGV,3,0.0,1.0,11.0,9.0,21.0,4.392317422778761,12.806949401637622,3.6788549634432983
CSCSPVHPQQAFCNADVVIRAKAVSEKEVDSGNDIYGNPIKRIQYEIKQIKMFKGPEKDIEFIYTAPSSADCGVSLDVGGKKEYLIAGKAEGDGKMQIQ,SINSDQQ,3,1.0,1.0,5.0,22.0,29.0,4.857980995127572,28.17528868360277,4.8163584871932335
CSCSPVHPQQAFCNADVVIRAKAVSEKEVDSGNDIYGNPIKRIQYEIKQIKMFKGPEKDIEFIYTAPSSAGCGVSLDVGGKKEYLIAGKAEGDGKMLIF,SINSGLF,3,0.0,1.0,1.0,5.0,7.0,2.807354922057604,140.87644341801385,7.138286582080596
CSCSPVHPQQAFCNADVVIRAKAVSEKEVDSGNDIYGNPIKRIQYEIKQIKMFKGPEKDIEFIYTAPSSALCGVSLDVGGKKEYLIAGKAEGDGKMGID,SINSLGD,3,0.0,1.0,2.0,13.0,16.0,4.0,70.43822170900692,6.138286582080596
CSCSPVHPQQAFCNADVVIRAKAVSEKEVDSGNDIYGNPIKRIQYEIKQIKMFKGPEKDIEFIYTAPSSALCGVSLDVGGKKEYLIAGKAEGDGKMGIV,SINSLGV,3,0.0,3.0,26.0,13.0,42.0,5.392317422778761,16.25497424054006,4.02280936466066
CSCSPVHPQQAFCNADVVIRAKAVSEKEVDSGNDIYGNPIKRIQYEIKQIKMFKGPEKDIEFIYTAPSSALCGVSLDVGGKKEYLIAGKAEGDGKMLIF,SINSLLF,3,0.0,2.0,3.0,11.0,16.0,4.0,93.91762894534257,6.55332408135944
CSCSPVHPQQAFCNADVVIRAKAVSEKEVDSGNDIYGNPIKRIQYEIKQIKMFKGPEKDIEFIYTAPSSAPCGVSLDVGGKKEYLIAGKAEGDGKMGID,SINSPGD,3,0.0,1.0,3.0,23.0,27.0,4.754887502163468,46.958814472671286,5.55332408135944
CSCSPVHPQQAFCNADVVIRAKAVSEKEVDSGNDIYGNPIKRIQYEIKQIKMFKGPEKDIEFIYTAPSSAPCGVSLDVGGKKEYLIAGKAEGDGKMGIV,SINSPGV,3,0.0,3.0,27.0,14.0,44.0,5.459431618637297,15.652938157557097,3.968361580638284
CSCSPVHPQQAFCNADVVIRAKAVSEKEVDSGNDIYGNPIKRIQYEIKQIKMFKGPEKDIEFIYTAPSSARCGVSLDVGGKKEYLIAGKAEGDGKMGID,SINSRGD,3,0.0,1.0,2.0,31.0,34.0,5.087462841250339,70.43822170900692,6.138286582080596
CSCSPVHPQQAFCNADVVIRAKAVSEKEVDSGNDIYGNPIKRIQYEIKQIKMFKGPEKDIEFIYTAPSSASCGVSLDVGGKKEYLIAGKAEGDGKMGID,SINSSGD,3,0.0,2.0,2.0,34.0,38.0,5.247927513443585,140.87644341801385,7.138286582080596
CSCSPVHPQQAFCNADVVIRAKAVSEKEVDSGNDIYGNPIKRIQYEIKQIKMFKGPEKDIEFIYTAPSSASCGVSLDVGGKKEYLIAGKAEGDGKMGIV,SINSSGV,3,0.0,2.0,30.0,21.0,53.0,5.727920454563199,9.391762894534258,3.2313959864720774
CSCSPVHPQQAFCNADVVIRAKAVSEKEVDSGNDIYGNPIKRIQYEIKQIKMFKGPEKDIEFIYTAPSSATCGVSLDVGGKKEYLIAGKAEGDGKMGID,SINSTGD,3,0.0,10.0,6.0,91.0,107.0,6.741466986401147,234.79407236335643,7.875252176246802
CSCSPVHPQQAFCNADVVIRAKAVSEKEVDSGNDIYGNPIKRIQYEIKQIKMFKGPEKDIEFIYTAPSSATCGVSLDVGGKKEYLIAGKAEGDGKMGIV,SINSTGV,3,0.0,170.0,1812.0,822.0,2804.0,11.453270634010623,13.216884868135958,3.7243102781720627
CSCSPVHPQQAFCNADVVIRAKAVSEKEVDSGNDIYGNPIKRIQYEIKQIKMFKGPEKDIEFIYTAPSSATCGVSLDVGGKKEYLIAGKAEGDGKMLIF,SINSTLF,3,0.0,20.0,5.0,26.0,51.0,5.672425341971495,563.5057736720554,9.138286582080596
CSCSPVHPQQAFCNADVVIRAKAVSEKEVDSGNDIYGNPIKRIQYEIKQIKMFKGPEKDIEFIYTAPSSATCGVSLDVGGKKEYLIAGKAEGDGKMQIQ,SINSTQQ,3,0.0,7.0,1.0,19.0,27.0,4.754887502163468,986.1351039260971,9.9456415041382
CSCSPVHPQQAFCNADVVIRAKAVSEKEVDSGNDIYGNPIKRIQYEIKQIKMFKGPEKDIEFIYTAPSSAWCGVSLDVGGKKEYLIAGKAEGDGKMGID,SINSWGD,3,0.0,1.0,4.0,15.0,20.0,4.321928094887363,35.21911085450346,5.138286582080596
CSCSPVHPQQAFCNADVVIRAKAVSEKEVDSGNDIYGNPIKRIQYEIKQIKMFKGPEKDIEFIYTAPSSAWCGVSLDVGGKKEYLIAGKAEGDGKMGIV,SINSWGV,3,0.0,1.0,24.0,16.0,41.0,5.357552004618084,5.869851809083911,2.5533240813594396
CSCSPVHPQQAFCNADVVIRAKAVSEKEVDSGNDIYGNPIKRIQYEIKQIKMFKGPEKDIEFIYTAPTSAVCGVSLDVGGKKEYLIAGKAEGDGKMGID,SINTVGD,3,0.0,1.0,3.0,22.0,26.0,4.700439718141092,46.958814472671286,5.55332408135944
CSCSPVHPQQAFCNADVVIRAKAVSEKEVDSGNDIYGNPIKRIQYEIKQIKMFKGPEKDIEFIYTAPTSAVCGVSLDVGGKKEYLIAGKAEGDGKMGIV,SINTVGV,3,0.0,1.0,12.0,3.0,16.0,4.0,11.739703618167821,3.5533240813594396
CSCSPVHPQQAFCNADVVIRAKAVSEKEVDSGNDIYGNPIKRIQYEIKQIKMFKGPEKDIEFIYTAPTSAVCGVSLDVGGKKEYLIAGKAEGDGKMLIF,SINTVLF,3,0.0,1.0,1.0,13.0,15.0,3.9068905956085187,140.87644341801385,7.138286582080596
CSCSPVHPQQAFCNADVVIRAKAVSEKEVDSGNDIYGNPIKRIQYEIKQIKMFKGPEKDIEFIYTAPVSAVCGVSLDVGGKKEYLIAGKAEGDGKMGID,SINVVGD,3,0.0,1.0,3.0,9.0,13.0,3.700439718141092,46.958814472671286,5.55332408135944
CSCSPVHPQQAFCNADVVIRAKAVSEKEVDSGNDIYGNPIKRIQYEIKQIKMFKGPEKDIEFIYTAPVSAVCGVSLDVGGKKEYLIAGKAEGDGKMGIV,SINVVGV,3,0.0,2.0,6.0,3.0,11.0,3.4594316186372973,46.958814472671286,5.55332408135944
CSCSPVHPQQAFCNADVVIRAKAVSEKEVDSGNDIYGNPIKRIQYEIKQIKMFKGPEKDIEFIYTAPWSAVCGVSLDVGGKKEYLIAGKAEGDGKMGIV,SINWVGV,3,0.0,2.0,20.0,7.0,29.0,4.857980995127572,14.087644341801385,3.8163584871932335
CSCSPVHPQQAFCNADVVIRAKAVSEKEVDSGNDIYGQPIKRIQYEIKQIKMFKGPEKDIEFIYTAPSSAVCGVSLDVGGKKEYLIAGKAEGDGKMGIV,SIQSVGV,3,0.0,2.0,1.0,1.0,4.0,2.0,281.7528868360277,8.138286582080596
CSCSPVHPQQAFCNADVVIRAKAVSEKEVDSGNDIYGRPIKRIQYEIKQIKMFKGPEKDIEFIYTAPSSAVCGVSLDVGGKKEYLIAGKAEGDGKMGIV,SIRSVGV,3,0.0,2.0,47.0,28.0,77.0,6.266786540694901,5.994742273106973,2.5836977304029585
CSCSPVHPQQAFCNADVVIRAKAVSEKEVDSGNDIYGRPIKRIQYEIKQIKMFKGPEKDIEFIYTAPSSAVCGVSLDVGGKKEYLIAGKAEGDGKMQIQ,SIRSVQQ,3,0.0,2.0,1.0,26.0,29.0,4.857980995127572,281.7528868360277,8.138286582080596
CSCSPVHPQQAFCNADVVIRAKAVSEKEVDSGNDIYGVPIKRIQYEIKQIKMFKGPEKDIEFIYTAPNSADCGVSLDVGGKKEYLIAGKAEGDGKMHIT,SIVNDHT,3,0.0,2.0,1.0,1.0,4.0,2.0,281.7528868360277,8.138286582080596
CSCSPVHPQQAFCNADVVIRAKAVSEKEVDSGNDIYGWPIKRIQYEIKQIKMFKGPEKDIEFIYTAPSSAVCGVSLDVGGKKEYLIAGKAEGDGKMGIV,SIWSVGV,3,0.0,1.0,20.0,8.0,29.0,4.857980995127572,7.043822170900692,2.8163584871932335
CSCSPVHPQQAFCNADVVIRAKAVSEKEVDSGNDLYGNPIKRIQYEIKQIKMFKGPEKDIEFIYTAPSSAVCGVSLDVGGKKEYLIAGKAEGDGKMGIV,SLNSVGV,3,0.0,1.0,20.0,11.0,32.0,5.0,7.043822170900692,2.8163584871932335
CSCSPVHPQQAFCNADVVIRAKAVSEKEVDSGNDLYGNPIKRIQYEIKQIKMFKGPEKDIEFIYTAPSSAVCGVSLDVGGKKEYLIAGKAEGDGKMLIF,SLNSVLF,3,0.0,1.0,2.0,15.0,18.0,4.169925001442312,70.43822170900692,6.138286582080596
CSCSPVHPQQAFCNADVVIRAKAVSEKEVDSGNDLYGNPIKRIQYEIKQIKMFKGPEKDIEFIYTAPSSAVCGVSLDVGGKKEYLIAGKAEGDGKMQIQ,SLNSVQQ,3,0.0,2.0,1.0,17.0,20.0,4.321928094887363,281.7528868360277,8.138286582080596
CSCSPVHPQQAFCNADVVIRAKAVSEKEVDSGNDMYGAPIKRIQYEIKQIKMFKGPEKDIEFIYTAPGSAVCGVSLDVGGKKEYLIAGKAEGDGKMHIT,SMAGVHT,3,0.0,1.0,1.0,9.0,11.0,3.4594316186372973,140.87644341801385,7.138286582080596
CSCSPVHPQQAFCNADVVIRAKAVSEKEVDSGNDMYGAPIKRIQYEIKQIKMFKGPEKDIEFIYTAPSSATCGVSLDVGGKKEYLIAGKAEGDGKMHIT,SMASTHT,3,0.0,2.0,4.0,13.0,19.0,4.247927513443585,70.43822170900692,6.138286582080596
CSCSPVHPQQAFCNADVVIRAKAVSEKEVDSGNDMYGAPIKRIQYEIKQIKMFKGPEKDIEFIYTAPSSAVCGVSLDVGGKKEYLIAGKAEGDGKMHIA,SMASVHA,3,0.0,1.0,1.0,5.0,7.0,2.807354922057604,140.87644341801385,7.138286582080596
CSCSPVHPQQAFCNADVVIRAKAVSEKEVDSGNDMYGAPIKRIQYEIKQIKMFKGPEKDIEFIYTAPTSAVCGVSLDVGGKKEYLIAGKAEGDGKMHIT,SMATVHT,3,0.0,1.0,1.0,8.0,10.0,3.321928094887362,140.87644341801385,7.138286582080596
CSCSPVHPQQAFCNADVVIRAKAVSEKEVDSGNDMYGAPIKRIQYEIKQIKMFKGPEKDIEFIYTAPWSAVCGVSLDVGGKKEYLIAGKAEGDGKMHIT,SMAWVHT,3,0.0,1.0,1.0,7.0,9.0,3.169925001442312,140.87644341801385,7.138286582080596
CSCSPVHPQQAFCNADVVIRAKAVSEKEVDSGNDMYGNPIKRIQYEIKQIKMFKGPEKDIEFIYTAPSSAVCGVSLDVGGKKEYLIAGKAEGDGKMLIF,SMNSVLF,3,0.0,1.0,1.0,4.0,6.0,2.584962500721156,140.87644341801385,7.138286582080596
CSCSPVHPQQAFCNADVVIRAKAVSEKEVDSGNDNYGHPIKRIQYEIKQIKMFKGPEKDIEFIYTAPSSAACGVSLDVGGKKEYLIAGKAEGDGKMHIT,SNHSAHT,3,0.0,1.0,1.0,0.0,2.0,1.0,140.87644341801385,7.138286582080596
CSCSPVHPQQAFCNADVVIRAKAVSEKEVDSGNDNYGNPIKRIQYEIKQIKMFKGPEKDIEFIYTAPSSAVCGVSLDVGGKKEYLIAGKAEGDGKMRIA,SNNSVRA,3,0.0,1.0,1.0,0.0,2.0,1.0,140.87644341801385,7.138286582080596
CSCSPVHPQQAFCNADVVIRAKAVSEKEVDSGNDNYGRPIKRIQYEIKQIKMFKGPEKDIEFIYTAPMSAVCGVSLDVGGKKEYLIAGKAEGDGKMHIT,SNRMVHT,3,0.0,4.0,5.0,16.0,25.0,4.643856189774724,112.70115473441108,6.8163584871932335
CSCSPVHPQQAFCNADVVIRAKAVSEKEVDSGNDNYGRPIKRIQYEIKQIKMFKGPEKDIEFIYTAPSSAACGVSLDVGGKKEYLIAGKAEGDGKMHIT,SNRSAHT,3,0.0,1.0,3.0,1.0,5.0,2.321928094887362,46.958814472671286,5.55332408135944
CSCSPVHPQQAFCNADVVIRAKAVSEKEVDSGNDNYGRPIKRIQYEIKQIKMFKGPEKDIEFIYTAPSSALCGVSLDVGGKKEYLIAGKAEGDGKMHIT,SNRSLHT,3,0.0,4.0,19.0,3.0,26.0,4.700439718141092,29.658198614318707,4.89035906863701
CSCSPVHPQQAFCNADVVIRAKAVSEKEVDSGNDNYGRPIKRIQYEIKQIKMFKGPEKDIEFIYTAPSSAPCGVSLDVGGKKEYLIAGKAEGDGKMHIT,SNRSPHT,3,0.0,2.0,23.0,9.0,34.0,5.087462841250339,12.2501255146099,3.614724626023583
CSCSPVHPQQAFCNADVVIRAKAVSEKEVDSGNDNYGRPIKRIQYEIKQIKMFKGPEKDIEFIYTAPSSASCGVSLDVGGKKEYLIAGKAEGDGKMHIT,SNRSSHT,3,0.0,3.0,25.0,9.0,37.0,5.20945336562895,16.905173210161664,4.079392893027028
CSCSPVHPQQAFCNADVVIRAKAVSEKEVDSGNDNYGRPIKRIQYEIKQIKMFKGPEKDIEFIYTAPSSATCGVSLDVGGKKEYLIAGKAEGDGKMHIT,SNRSTHT,3,0.0,25.0,266.0,136.0,427.0,8.73809225962049,13.240267238535136,3.726860336354131
CSCSPVHPQQAFCNADVVIRAKAVSEKEVDSGNDNYGRPIKRIQYEIKQIKMFKGPEKDIEFIYTAPSSAVCGVSLDVGGKKEYLIAGKAEGDGKMGIT,SNRSVGT,3,0.0,2.0,31.0,24.0,57.0,5.832890014164741,9.088802801162185,3.1840902716937207
CSCSPVHPQQAFCNADVVIRAKAVSEKEVDSGNDNYGRPIKRIQYEIKQIKMFKGPEKDIEFIYTAPSSAVCGVSLDVGGKKEYLIAGKAEGDGKMHIA,SNRSVHA,3,0.0,1.0,9.0,7.0,17.0,4.087462841250339,15.652938157557095,3.9683615806382835
CSCSPVHPQQAFCNADVVIRAKAVSEKEVDSGNDNYGRPIKRIQYEIKQIKMFKGPEKDIEFIYTAPSSAVCGVSLDVGGKKEYLIAGKAEGDGKMHIF,SNRSVHF,3,0.0,1.0,3.0,7.0,11.0,3.4594316186372973,46.958814472671286,5.55332408135944
CSCSPVHPQQAFCNADVVIRAKAVSEKEVDSGNDNYGRPIKRIQYEIKQIKMFKGPEKDIEFIYTAPSSAVCGVSLDVGGKKEYLIAGKAEGDGKMHIL,SNRSVHL,3,0.0,1.0,4.0,1.0,6.0,2.584962500721156,35.21911085450346,5.138286582080596
CSCSPVHPQQAFCNADVVIRAKAVSEKEVDSGNDNYGRPIKRIQYEIKQIKMFKGPEKDIEFIYTAPSSAVCGVSLDVGGKKEYLIAGKAEGDGKMLIT,SNRSVLT,3,0.0,1.0,23.0,19.0,43.0,5.426264754702098,6.12506275730495,2.614724626023583
CSCSPVHPQQAFCNADVVIRAKAVSEKEVDSGNDNYGRPIKRIQYEIKQIKMFKGPEKDIEFIYTAPSSAVCGVSLDVGGKKEYLIAGKAEGDGKMRIT,SNRSVRT,3,0.0,1.0,17.0,8.0,26.0,4.700439718141092,8.286849612824344,3.0508237408302565
CSCSPVHPQQAFCNADVVIRAKAVSEKEVDSGNDPYGNPIKRIQYEIKQIKMFKGPEKDIEFIYTAPSSAVCGVSLDVGGKKEYLIAGKAEGDGKMGID,SPNSVGD,3,1.0,2.0,1.0,20.0,24.0,4.584962500721156,281.7528868360277,8.138286582080596
CSCSPVHPQQAFCNADVVIRAKAVSEKEVDSGNDPYGNPIKRIQYEIKQIKMFKGPEKDIEFIYTAPSSAVCGVSLDVGGKKEYLIAGKAEGDGKMGIV,SPNSVGV,3,0.0,2.0,29.0,7.0,38.0,5.247927513443585,9.715616787449232,3.2803055869530238
CSCSPVHPQQAFCNADVVIRAKAVSEKEVDSGNDPYGNPIKRIQYEIKQIKMFKGPEKDIEFIYTAPSSAVCGVSLDVGGKKEYLIAGKAEGDGKMQIQ,SPNSVQQ,3,0.0,1.0,1.0,11.0,13.0,3.700439718141092,140.87644341801385,7.138286582080596
CSCSPVHPQQAFCNADVVIRAKAVSEKEVDSGNDPYGNPIKRIQYEIKQIKMFKGPEKDIEFIYTAPYSATCGVSLDVGGKKEYLIAGKAEGDGKMHIT,SPNYTHT,3,0.0,2.0,1.0,18.0,21.0,4.392317422778761,281.7528868360277,8.138286582080596
CSCSPVHPQQAFCNADVVIRAKAVSEKEVDSGNDQYGNPIKRIQYEIKQIKMFKGPEKDIEFIYTAPSSAVCGVSLDVGGKKEYLIAGKAEGDGKMGIV,SQNSVGV,3,0.0,1.0,1.0,2.0,4.0,2.0,140.87644341801385,7.138286582080596
CSCSPVHPQQAFCNADVVIRAKAVSEKEVDSGNDRYGNPIKRIQYEIKQIKMFKGPEKDIEFIYTAPSSAVCGVSLDVGGKKEYLIAGKAEGDGKMGID,SRNSVGD,3,0.0,1.0,9.0,92.0,102.0,6.672425341971495,15.652938157557095,3.9683615806382835
CSCSPVHPQQAFCNADVVIRAKAVSEKEVDSGNDRYGNPIKRIQYEIKQIKMFKGPEKDIEFIYTAPSSAVCGVSLDVGGKKEYLIAGKAEGDGKMGIV,SRNSVGV,3,0.0,3.0,65.0,39.0,107.0,6.741466986401147,6.501989696216024,2.700881269773298
CSCSPVHPQQAFCNADVVIRAKAVSEKEVDSGNDRYGNPIKRIQYEIKQIKMFKGPEKDIEFIYTAPSSAVCGVSLDVGGKKEYLIAGKAEGDGKMQIQ,SRNSVQQ,3,1.0,1.0,6.0,33.0,41.0,5.357552004618084,23.479407236335643,4.55332408135944
CSCSPVHPQQAFCNADVVIRAKAVSEKEVDSGNDRYGNPIKRIQYEIKQIKMFKGPEKDIEFIYTAPYSATCGVSLDVGGKKEYLIAGKAEGDGKMHIT,SRNYTHT,3,0.0,1.0,3.0,63.0,67.0,6.066089190457772,46.958814472671286,5.55332408135944
CSCSPVHPQQAFCNADVVIRAKAVSEKEVDSGNDSYGNPIKRIQYEIKQIKMFKGPEKDIEFIYTAPASANCGVSLDVGGKKEYLIAGKAEGDGKMHIT,SSNANHT,3,0.0,1.0,1.0,1.0,3.0,1.584962500721156,140.87644341801385,7.138286582080596
CSCSPVHPQQAFCNADVVIRAKAVSEKEVDSGNDSYGNPIKRIQYEIKQIKMFKGPEKDIEFIYTAPSSAVCGVSLDVGGKKEYLIAGKAEGDGKMGIV,SSNSVGV,3,0.0,2.0,15.0,8.0,25.0,4.643856189774724,18.783525789068516,4.231395986472077
CSCSPVHPQQAFCNADVVIRAKAVSEKEVDSGNDTYGDPIKRIQYEIKQIKMFKGPEKDIEFIYTAPSSALCGVSLDVGGKKEYLIAGKAEGDGKMHIT,STDSLHT,3,0.0,1.0,1.0,19.0,21.0,4.392317422778761,140.87644341801385,7.138286582080596
CSCSPVHPQQAFCNADVVIRAKAVSEKEVDSGNDTYGDPIKRIQYEIKQIKMFKGPEKDIEFIYTAPSSAPCGVSLDVGGKKEYLIAGKAEGDGKMHIT,STDSPHT,3,1.0,3.0,3.0,19.0,26.0,4.700439718141092,140.87644341801388,7.138286582080596
CSCSPVHPQQAFCNADVVIRAKAVSEKEVDSGNDTYGDPIKRIQYEIKQIKMFKGPEKDIEFIYTAPSSASCGVSLDVGGKKEYLIAGKAEGDGKMHIT,STDSSHT,3,0.0,1.0,4.0,24.0,29.0,4.857980995127572,35.21911085450346,5.138286582080596
CSCSPVHPQQAFCNADVVIRAKAVSEKEVDSGNDTYGDPIKRIQYEIKQIKMFKGPEKDIEFIYTAPSSATCGVSLDVGGKKEYLIAGKAEGDGKMHIT,STDSTHT,3,0.0,3.0,4.0,27.0,34.0,5.087462841250339,105.65733256351041,6.723249082801752
CSCSPVHPQQAFCNADVVIRAKAVSEKEVDSGNDTYGDPIKRIQYEIKQIKMFKGPEKDIEFIYTAPSSAVCGVSLDVGGKKEYLIAGKAEGDGKMGIT,STDSVGT,3,1.0,2.0,2.0,43.0,48.0,5.584962500721156,140.87644341801385,7.138286582080596
CSCSPVHPQQAFCNADVVIRAKAVSEKEVDSGNDTYGDPIKRIQYEIKQIKMFKGPEKDIEFIYTAPSSAVCGVSLDVGGKKEYLIAGKAEGDGKMHIG,STDSVHG,3,0.0,1.0,1.0,22.0,24.0,4.584962500721156,140.87644341801385,7.138286582080596
CSCSPVHPQQAFCNADVVIRAKAVSEKEVDSGNDTYGDPIKRIQYEIKQIKMFKGPEKDIEFIYTAPSSAVCGVSLDVGGKKEYLIAGKAEGDGKMHIR,STDSVHR,3,0.0,1.0,4.0,29.0,34.0,5.087462841250339,35.21911085450346,5.138286582080596
CSCSPVHPQQAFCNADVVIRAKAVSEKEVDSGNDTYGDPIKRIQYEIKQIKMFKGPEKDIEFIYTAPSSAVCGVSLDVGGKKEYLIAGKAEGDGKMLIT,STDSVLT,3,0.0,1.0,2.0,23.0,26.0,4.700439718141092,70.43822170900692,6.138286582080596
CSCSPVHPQQAFCNADVVIRAKAVSEKEVDSGNDTYGNPIKRIQYEIKQIKMFKGPEKDIEFIYTAPSSASCGVSLDVGGKKEYLIAGKAEGDGKMHIG,STNSSHG,3,0.0,1.0,1.0,0.0,2.0,1.0,140.87644341801385,7.138286582080596
CSCSPVHPQQAFCNADVVIRAKAVSEKEVDSGNDTYGNPIKRIQYEIKQIKMFKGPEKDIEFIYTAPSSAVCGVSLDVGGKKEYLIAGKAEGDGKMLIF,STNSVLF,3,0.0,1.0,1.0,12.0,14.0,3.807354922057604,140.87644341801385,7.138286582080596
CSCSPVHPQQAFCNADVVIRAKAVSEKEVDSGNDVYGNPIKRIQYEIKQIKMFKGPEKDIEFIYTAPASANCGVSLDVGGKKEYLIAGKAEGDGKMHIT,SVNANHT,3,0.0,2.0,2.0,8.0,12.0,3.584962500721156,140.87644341801385,7.138286582080596
CSCSPVHPQQAFCNADVVIRAKAVSEKEVDSGNDVYGNPIKRIQYEIKQIKMFKGPEKDIEFIYTAPSSAVCGVSLDVGGKKEYLIAGKAEGDGKMGIV,SVNSVGV,3,0.0,1.0,68.0,28.0,97.0,6.599912842187128,2.071712403206086,1.0508237408302565
CSCSPVHPQQAFCNADVVIRAKAVSEKEVDSGNDVYGNPIKRIQYEIKQIKMFKGPEKDIEFIYTAPSSAVCGVSLDVGGKKEYLIAGKAEGDGKMLIF,SVNSVLF,3,0.0,1.0,6.0,36.0,43.0,5.426264754702098,23.479407236335643,4.55332408135944
CSCSPVHPQQAFCNADVVIRAKAVSEKEVDSGNDVYGNPIKRIQYEIKQIKMFKGPEKDIEFIYTAPSSAVCGVSLDVGGKKEYLIAGKAEGDGKMQIQ,SVNSVQQ,3,1.0,2.0,3.0,31.0,37.0,5.20945336562895,93.91762894534257,6.55332408135944
CSCSPVHPQQAFCNADVVIRAKAVSEKEVDSGNDVYGRPIKRIQYEIKQIKMFKGPEKDIEFIYTAPSSAPCGVSLDVGGKKEYLIAGKAEGDGKMHIT,SVRSPHT,3,0.0,1.0,1.0,9.0,11.0,3.4594316186372973,140.87644341801385,7.138286582080596
CSCSPVHPQQAFCNADVVIRAKAVSEKEVDSGNDVYGRPIKRIQYEIKQIKMFKGPEKDIEFIYTAPSSASCGVSLDVGGKKEYLIAGKAEGDGKMHIT,SVRSSHT,3,0.0,2.0,1.0,14.0,17.0,4.087462841250339,281.7528868360277,8.138286582080596
CSCSPVHPQQAFCNADVVIRAKAVSEKEVDSGNDVYGRPIKRIQYEIKQIKMFKGPEKDIEFIYTAPSSATCGVSLDVGGKKEYLIAGKAEGDGKMHIT,SVRSTHT,3,0.0,3.0,4.0,14.0,21.0,4.392317422778761,105.65733256351041,6.723249082801752
CSCSPVHPQQAFCNADVVIRAKAVSEKEVDSGNDVYGRPIKRIQYEIKQIKMFKGPEKDIEFIYTAPSSAVCGVSLDVGGKKEYLIAGKAEGDGKMGIT,SVRSVGT,3,0.0,2.0,1.0,15.0,18.0,4.169925001442312,281.7528868360277,8.138286582080596
CSCSPVHPQQAFCNADVVIRAKAVSEKEVDSGNDVYGRPIKRIQYEIKQIKMFKGPEKDIEFIYTAPTSAVCGVSLDVGGKKEYLIAGKAEGDGKMHIT,SVRTVHT,3,0.0,1.0,2.0,5.0,8.0,3.0,70.43822170900692,6.138286582080596
CSCSPVHPQQAFCNADVVIRAKAVSEKEVDSGNDWYGNPIKRIQYEIKQIKMFKGPEKDIEFIYTAPSSAVCGVSLDVGGKKEYLIAGKAEGDGKMLIF,SWNSVLF,3,1.0,2.0,5.0,15.0,23.0,4.523561956057013,56.35057736720554,5.8163584871932335
CSCSPVHPQQAFCNADVVIRAKAVSEKEVDSGNDWYGNPIKRIQYEIKQIKMFKGPEKDIEFIYTAPSSAWCGVSLDVGGKKEYLIAGKAEGDGKMHIK,SWNSWHK,3,0.0,1.0,394.0,120.0,515.0,9.00842862207058,0.3575544249188169,-1.4837652373757804
CSCTPVHPQQAFCNADVVIRAKAVSEKEVDSGNDNYGRPIKRIQYEIKQIKMFKGPEKDIEFIYTAPSSAVCGVSLDVGGKKEYLIAGKAEGDGKMHIT,TNRSVHT,3,0.0,1.0,57.0,33.0,91.0,6.507794640198696,2.4715165511932256,1.3053965679158541
CSCAPVHPQQAFCNADVVIRAKAVSEKEVDSGNDIYGNPIKRIQYEIKQIKMFKGPEKDIEFIYTAPSSATCGVSLDVGGKKEYLIAGKAEGDGKMGIV,AINSTGV,4,0.0,1.0,2.0,2.0,5.0,2.321928094887362,70.43822170900692,6.138286582080596
CSCRPVHPQQAFCNADVVIRAKAVSEKEVDSGNDIYGNPIKRIQYEIKQIKMFKGPEKDIEFIYTAPSSATCGVSLDVGGKKEYLIAGKAEGDGKMGIV,RINSTGV,4,0.0,1.0,1.0,3.0,5.0,2.321928094887362,140.87644341801385,7.138286582080596
CSCSPVHPQQAFCNADVVIRAKAVSEKEVDSGNDAYGNPIKRIQYEIKQIKMFKGPEKDIEFIYTAPSSATCGVSLDVGGKKEYLIAGKAEGDGKMGID,SANSTGD,4,0.0,3.0,1.0,3.0,7.0,2.807354922057604,422.62933025404163,8.723249082801752
CSCSPVHPQQAFCNADVVIRAKAVSEKEVDSGNDAYGNPIKRIQYEIKQIKMFKGPEKDIEFIYTAPSSATCGVSLDVGGKKEYLIAGKAEGDGKMGIV,SANSTGV,4,0.0,5.0,92.0,43.0,140.0,7.129283016944966,7.656328446631187,2.936652720910945
CSCSPVHPQQAFCNADVVIRAKAVSEKEVDSGNDCYGNPIKRIQYEIKQIKMFKGPEKDIEFIYTAPSSATCGVSLDVGGKKEYLIAGKAEGDGKMGIV,SCNSTGV,4,0.0,1.0,18.0,6.0,25.0,4.643856189774724,7.826469078778548,2.9683615806382835
CSCSPVHPQQAFCNADVVIRAKAVSEKEVDSGNDEYGNPIKRIQYEIKQIKMFKGPEKDIEFIYTAPSSATCGVSLDVGGKKEYLIAGKAEGDGKMGIV,SENSTGV,4,0.0,1.0,17.0,8.0,26.0,4.700439718141092,8.286849612824344,3.0508237408302565
CSCSPVHPQQAFCNADVVIRAKAVSEKEVDSGNDGYGNPIKRIQYEIKQIKMFKGPEKDIEFIYTAPSSATCGVSLDVGGKKEYLIAGKAEGDGKMGIV,SGNSTGV,4,0.0,8.0,66.0,34.0,108.0,6.754887502163468,17.07593253551683,4.093892462722143
CSCSPVHPQQAFCNADVVIRAKAVSEKEVDSGNDIYGAPIKRIQYEIKQIKMFKGPEKDIEFIYTAPSSATCGVSLDVGGKKEYLIAGKAEGDGKMGIV,SIASTGV,4,0.0,2.0,16.0,4.0,22.0,4.459431618637297,17.60955542725173,4.138286582080596
CSCSPVHPQQAFCNADVVIRAKAVSEKEVDSGNDIYGGPIKRIQYEIKQIKMFKGPEKDIEFIYTAPSSATCGVSLDVGGKKEYLIAGKAEGDGKMGIV,SIGSTGV,4,0.0,5.0,43.0,12.0,60.0,5.906890595608519,16.38098179279231,4.03394992226586
CSCSPVHPQQAFCNADVVIRAKAVSEKEVDSGNDIYGIPIKRIQYEIKQIKMFKGPEKDIEFIYTAPSSATCGVSLDVGGKKEYLIAGKAEGDGKMGIV,SIISTGV,4,0.0,1.0,10.0,5.0,16.0,4.0,14.087644341801385,3.8163584871932335
CSCSPVHPQQAFCNADVVIRAKAVSEKEVDSGNDIYGLPIKRIQYEIKQIKMFKGPEKDIEFIYTAPSSATCGVSLDVGGKKEYLIAGKAEGDGKMGIV,SILSTGV,4,0.0,1.0,3.0,2.0,6.0,2.584962500721156,46.958814472671286,5.55332408135944
CSCSPVHPQQAFCNADVVIRAKAVSEKEVDSGNDIYGNPIKRIQYEIKQIKMFKGPEKDIEFIYTAPASANCGVSLDVGGKKEYLIAGKAEGDGKMGIV,SINANGV,4,0.0,6.0,1.0,10.0,17.0,4.087462841250339,845.2586605080833,9.723249082801752
CSCSPVHPQQAFCNADVVIRAKAVSEKEVDSGNDIYGNPIKRIQYEIKQIKMFKGPEKDIEFIYTAPASANCGVSLDVGGKKEYLIAGKAEGDGKMLIF,SINANLF,4,5.0,23.0,35.0,273.0,336.0,8.39231742277876,92.57594853183768,6.532565521192643
CSCSPVHPQQAFCNADVVIRAKAVSEKEVDSGNDIYGNPIKRIQYEIKQIKMFKGPEKDIEFIYTAPASATCGVSLDVGGKKEYLIAGKAEGDGKMGIV,SINATGV,4,0.0,1.0,2.0,1.0,4.0,2.0,70.43822170900692,6.138286582080596
CSCSPVHPQQAFCNADVVIRAKAVSEKEVDSGNDIYGNPIKRIQYEIKQIKMFKGPEKDIEFIYTAPNSADCGVSLDVGGKKEYLIAGKAEGDGKMGIV,SINNDGV,4,0.0,2.0,1.0,3.0,6.0,2.584962500721156,281.7528868360277,8.138286582080596
CSCSPVHPQQAFCNADVVIRAKAVSEKEVDSGNDIYGNPIKRIQYEIKQIKMFKGPEKDIEFIYTAPNSADCGVSLDVGGKKEYLIAGKAEGDGKMQIQ,SINNDQQ,4,7.0,6.0,31.0,324.0,368.0,8.523561956057012,27.266408403486555,4.769052772414877
CSCSPVHPQQAFCNADVVIRAKAVSEKEVDSGNDIYGNPIKRIQYEIKQIKMFKGPEKDIEFIYTAPYSATCGVSLDVGGKKEYLIAGKAEGDGKMGIA,SINYTGA,4,0.0,1.0,2.0,9.0,12.0,3.584962500721156,70.43822170900692,6.138286582080596
CSCSPVHPQQAFCNADVVIRAKAVSEKEVDSGNDIYGNPIKRIQYEIKQIKMFKGPEKDIEFIYTAPYSATCGVSLDVGGKKEYLIAGKAEGDGKMGID,SINYTGD,4,58.0,67.0,160.0,1870.0,2155.0,11.07347215397646,58.99201068129331,5.882447677651006
CSCSPVHPQQAFCNADVVIRAKAVSEKEVDSGNDIYGNPIKRIQYEIKQIKMFKGPEKDIEFIYTAPYSATCGVSLDVGGKKEYLIAGKAEGDGKMGIV,SINYTGV,4,0.0,20.0,11.0,58.0,89.0,6.475733430966398,256.1389880327525,8.000783058330661
CSCSPVHPQQAFCNADVVIRAKAVSEKEVDSGNDIYGNPIKRIQYEIKQIKMFKGPEKDIEFIYTAPYSATCGVSLDVGGKKEYLIAGKAEGDGKMLIF,SINYTLF,4,5.0,6.0,1.0,48.0,60.0,5.906890595608519,845.2586605080833,9.723249082801752
CSCSPVHPQQAFCNADVVIRAKAVSEKEVDSGNDIYGNPIKRIQYEIKQIKMFKGPEKDIEFIYTAPYSATCGVSLDVGGKKEYLIAGKAEGDGKMQIQ,SINYTQQ,4,13.0,3.0,3.0,52.0,71.0,6.149747119504682,140.87644341801388,7.138286582080596
CSCSPVHPQQAFCNADVVIRAKAVSEKEVDSGNDIYGQPIKRIQYEIKQIKMFKGPEKDIEFIYTAPSSATCGVSLDVGGKKEYLIAGKAEGDGKMGIV,SIQSTGV,4,0.0,2.0,1.0,1.0,4.0,2.0,281.7528868360277,8.138286582080596
CSCSPVHPQQAFCNADVVIRAKAVSEKEVDSGNDIYGRPIKRIQYEIKQIKMFKGPEKDIEFIYTAPSSATCGVSLDVGGKKEYLIAGKAEGDGKMGIV,SIRSTGV,4,0.0,11.0,108.0,39.0,158.0,7.303780748177103,14.348526644427338,3.8428306985544247
CSCSPVHPQQAFCNADVVIRAKAVSEKEVDSGNDIYGVPIKRIQYEIKQIKMFKGPEKDIEFIYTAPSSATCGVSLDVGGKKEYLIAGKAEGDGKMGIV,SIVSTGV,4,0.0,3.0,21.0,13.0,37.0,5.20945336562895,20.12520620257341,4.3309316600229915
CSCSPVHPQQAFCNADVVIRAKAVSEKEVDSGNDIYGWPIKRIQYEIKQIKMFKGPEKDIEFIYTAPSSATCGVSLDVGGKKEYLIAGKAEGDGKMGID,SIWSTGD,4,0.0,2.0,1.0,1.0,4.0,2.0,281.7528868360277,8.138286582080596
CSCSPVHPQQAFCNADVVIRAKAVSEKEVDSGNDIYGWPIKRIQYEIKQIKMFKGPEKDIEFIYTAPSSATCGVSLDVGGKKEYLIAGKAEGDGKMGIV,SIWSTGV,4,0.0,1.0,33.0,10.0,44.0,5.459431618637297,4.268983133879208,2.0938924627221422
CSCSPVHPQQAFCNADVVIRAKAVSEKEVDSGNDKYGNPIKRIQYEIKQIKMFKGPEKDIEFIYTAPSSATCGVSLDVGGKKEYLIAGKAEGDGKMGIV,SKNSTGV,4,0.0,1.0,4.0,0.0,5.0,2.321928094887362,35.21911085450346,5.138286582080596
CSCSPVHPQQAFCNADVVIRAKAVSEKEVDSGNDLYGNPIKRIQYEIKQIKMFKGPEKDIEFIYTAPSSATCGVSLDVGGKKEYLIAGKAEGDGKMGIV,SLNSTGV,4,0.0,6.0,28.0,15.0,49.0,5.614709844115208,30.187809303860114,4.915894160744148
CSCSPVHPQQAFCNADVVIRAKAVSEKEVDSGNDLYGNPIKRIQYEIKQIKMFKGPEKDIEFIYTAPVSAVCGVSLDVGGKKEYLIAGKAEGDGKMGIV,SLNVVGV,4,0.0,1.0,1.0,0.0,2.0,1.0,140.87644341801385,7.138286582080596
CSCSPVHPQQAFCNADVVIRAKAVSEKEVDSGNDMYGAPIKRIQYEIKQIKMFKGPEKDIEFIYTAPSSAVCGVSLDVGGKKEYLIAGKAEGDGKMGIV,SMASVGV,4,0.0,2.0,3.0,11.0,16.0,4.0,93.91762894534257,6.55332408135944
CSCSPVHPQQAFCNADVVIRAKAVSEKEVDSGNDNYGNPIKRIQYEIKQIKMFKGPEKDIEFIYTAPSSATCGVSLDVGGKKEYLIAGKAEGDGKMGIV,SNNSTGV,4,0.0,2.0,8.0,3.0,13.0,3.700439718141092,35.21911085450346,5.138286582080596
CSCSPVHPQQAFCNADVVIRAKAVSEKEVDSGNDNYGRPIKRIQYEIKQIKMFKGPEKDIEFIYTAPASANCGVSLDVGGKKEYLIAGKAEGDGKMHIT,SNRANHT,4,0.0,1.0,2.0,5.0,8.0,3.0,70.43822170900692,6.138286582080596
CSCSPVHPQQAFCNADVVIRAKAVSEKEVDSGNDNYGRPIKRIQYEIKQIKMFKGPEKDIEFIYTAPESAVCGVSLDVGGKKEYLIAGKAEGDGKMHIG,SNREVHG,4,0.0,2.0,3.0,0.0,5.0,2.321928094887362,93.91762894534257,6.55332408135944
CSCSPVHPQQAFCNADVVIRAKAVSEKEVDSGNDNYGRPIKRIQYEIKQIKMFKGPEKDIEFIYTAPSSATCGVSLDVGGKKEYLIAGKAEGDGKMGIT,SNRSTGT,4,0.0,1.0,12.0,3.0,16.0,4.0,11.739703618167821,3.5533240813594396
CSCSPVHPQQAFCNADVVIRAKAVSEKEVDSGNDNYGRPIKRIQYEIKQIKMFKGPEKDIEFIYTAPSSATCGVSLDVGGKKEYLIAGKAEGDGKMHIA,SNRSTHA,4,0.0,1.0,2.0,5.0,8.0,3.0,70.43822170900692,6.138286582080596
CSCSPVHPQQAFCNADVVIRAKAVSEKEVDSGNDNYGRPIKRIQYEIKQIKMFKGPEKDIEFIYTAPSSATCGVSLDVGGKKEYLIAGKAEGDGKMHIG,SNRSTHG,4,0.0,2.0,13.0,1.0,16.0,4.0,21.673298987386747,4.4378468639395035
CSCSPVHPQQAFCNADVVIRAKAVSEKEVDSGNDNYGRPIKRIQYEIKQIKMFKGPEKDIEFIYTAPSSATCGVSLDVGGKKEYLIAGKAEGDGKMQIT,SNRSTQT,4,0.0,1.0,3.0,0.0,4.0,2.0,46.958814472671286,5.55332408135944
CSCSPVHPQQAFCNADVVIRAKAVSEKEVDSGNDNYGRPIKRIQYEIKQIKMFKGPEKDIEFIYTAPSSAVCGVSLDVGGKKEYLIAGKAEGDGKMGID,SNRSVGD,4,0.0,5.0,3.0,18.0,26.0,4.700439718141092,234.79407236335643,7.875252176246802
CSCSPVHPQQAFCNADVVIRAKAVSEKEVDSGNDNYGRPIKRIQYEIKQIKMFKGPEKDIEFIYTAPSSAVCGVSLDVGGKKEYLIAGKAEGDGKMGIV,SNRSVGV,4,0.0,6.0,31.0,8.0,45.0,5.491853096329675,27.266408403486555,4.769052772414877
CSCSPVHPQQAFCNADVVIRAKAVSEKEVDSGNDNYGRPIKRIQYEIKQIKMFKGPEKDIEFIYTAPYSATCGVSLDVGGKKEYLIAGKAEGDGKMHIT,SNRYTHT,4,0.0,8.0,5.0,21.0,34.0,5.087462841250339,225.40230946882215,7.8163584871932335
CSCSPVHPQQAFCNADVVIRAKAVSEKEVDSGNDPYGNPIKRIQYEIKQIKMFKGPEKDIEFIYTAPSSASCGVSLDVGGKKEYLIAGKAEGDGKMLIF,SPNSSLF,4,0.0,1.0,1.0,1.0,3.0,1.584962500721156,140.87644341801385,7.138286582080596
CSCSPVHPQQAFCNADVVIRAKAVSEKEVDSGNDPYGNPIKRIQYEIKQIKMFKGPEKDIEFIYTAPSSATCGVSLDVGGKKEYLIAGKAEGDGKMGIV,SPNSTGV,4,0.0,7.0,33.0,12.0,52.0,5.700439718141092,29.88288193715446,4.901247384779746
CSCSPVHPQQAFCNADVVIRAKAVSEKEVDSGNDQYGNPIKRIQYEIKQIKMFKGPEKDIEFIYTAPSSATCGVSLDVGGKKEYLIAGKAEGDGKMGIV,SQNSTGV,4,0.0,3.0,2.0,3.0,8.0,3.0,211.31466512702082,7.723249082801752
CSCSPVHPQQAFCNADVVIRAKAVSEKEVDSGNDRYGNPIKRIQYEIKQIKMFKGPEKDIEFIYTAPSSATCGVSLDVGGKKEYLIAGKAEGDGKMGIV,SRNSTGV,4,0.0,3.0,86.0,52.0,141.0,7.139551352398794,4.9142945378376925,2.2969843280996542
CSCSPVHPQQAFCNADVVIRAKAVSEKEVDSGNDSYGNPIKRIQYEIKQIKMFKGPEKDIEFIYTAPSSATCGVSLDVGGKKEYLIAGKAEGDGKMGIV,SSNSTGV,4,0.0,4.0,30.0,13.0,47.0,5.554588851677638,18.783525789068516,4.231395986472077
CSCSPVHPQQAFCNADVVIRAKAVSEKEVDSGNDTYGDPIKRIQYEIKQIKMFKGPEKDIEFIYTAPSSAVCGVSLDVGGKKEYLIAGKAEGDGKMGIV,STDSVGV,4,0.0,5.0,4.0,20.0,29.0,4.857980995127572,176.09555427251735,7.460214676967959
CSCSPVHPQQAFCNADVVIRAKAVSEKEVDSGNDTYGDPIKRIQYEIKQIKMFKGPEKDIEFIYTAPYSATCGVSLDVGGKKEYLIAGKAEGDGKMHIT,STDYTHT,4,6.0,6.0,21.0,277.0,310.0,8.276124405274238,40.25041240514682,5.3309316600229915
CSCSPVHPQQAFCNADVVIRAKAVSEKEVDSGNDVYGNPIKRIQYEIKQIKMFKGPEKDIEFIYTAPSSATCGVSLDVGGKKEYLIAGKAEGDGKMGIV,SVNSTGV,4,0.0,7.0,80.0,46.0,133.0,7.05528243550119,12.326688799076212,3.6237134092508376
CSCSPVHPQQAFCNADVVIRAKAVSEKEVDSGNDVYGRPIKRIQYEIKQIKMFKGPEKDIEFIYTAPASANCGVSLDVGGKKEYLIAGKAEGDGKMHIT,SVRANHT,4,0.0,3.0,1.0,3.0,7.0,2.807354922057604,422.62933025404163,8.723249082801752
CSCSPVHPQQAFCNADVVIRAKAVSEKEVDSGNDVYGRPIKRIQYEIKQIKMFKGPEKDIEFIYTAPSSAVCGVSLDVGGKKEYLIAGKAEGDGKMGIV,SVRSVGV,4,0.0,3.0,1.0,4.0,8.0,3.0,422.62933025404163,8.723249082801752
CSCSPVHPQQAFCNADVVIRAKAVSEKEVDSGNDVYGRPIKRIQYEIKQIKMFKGPEKDIEFIYTAPYSATCGVSLDVGGKKEYLIAGKAEGDGKMHIT,SVRYTHT,4,1.0,5.0,1.0,14.0,21.0,4.392317422778761,704.3822170900694,9.460214676967958
CSCSPVHPQQAFCNADVVIRAKAVSEKEVDSGNDYYGNPIKRIQYEIKQIKMFKGPEKDIEFIYTAPSSATCGVSLDVGGKKEYLIAGKAEGDGKMGIV,SYNSTGV,4,0.0,1.0,6.0,0.0,7.0,2.807354922057604,23.479407236335643,4.55332408135944
CSCTPVHPQQAFCNADVVIRAKAVSEKEVDSGNDIYGNPIKRIQYEIKQIKMFKGPEKDIEFIYTAPSSATCGVSLDVGGKKEYLIAGKAEGDGKMGIV,TINSTGV,4,0.0,1.0,2.0,1.0,4.0,2.0,70.43822170900692,6.138286582080596
CSCTPVHPQQAFCNADVVIRAKAVSEKEVDSGNDNYGRPIKRIQYEIKQIKMFKGPEKDIEFIYTAPSSALCGVSLDVGGKKEYLIAGKAEGDGKMHIT,TNRSLHT,4,0.0,1.0,1.0,1.0,3.0,1.584962500721156,140.87644341801385,7.138286582080596
CSCTPVHPQQAFCNADVVIRAKAVSEKEVDSGNDNYGRPIKRIQYEIKQIKMFKGPEKDIEFIYTAPSSAPCGVSLDVGGKKEYLIAGKAEGDGKMHIT,TNRSPHT,4,0.0,1.0,2.0,1.0,4.0,2.0,70.43822170900692,6.138286582080596
CSCTPVHPQQAFCNADVVIRAKAVSEKEVDSGNDNYGRPIKRIQYEIKQIKMFKGPEKDIEFIYTAPSSATCGVSLDVGGKKEYLIAGKAEGDGKMHIT,TNRSTHT,4,0.0,1.0,17.0,4.0,22.0,4.459431618637297,8.286849612824344,3.0508237408302565
CSCYPVHPQQAFCNADVVIRAKAVSEKEVDSGNDIYGNPIKRIQYEIKQIKMFKGPEKDIEFIYTAPSSATCGVSLDVGGKKEYLIAGKAEGDGKMGIV,YINSTGV,4,0.0,1.0,2.0,0.0,3.0,1.584962500721156,70.43822170900692,6.138286582080596
CSCSPVHPQQAFCNADVVIRAKAVSEKEVDSGNDAYGNPIKRIQYEIKQIKMFKGPEKDIEFIYTAPNSADCGVSLDVGGKKEYLIAGKAEGDGKMQIQ,SANNDQQ,5,0.0,1.0,3.0,14.0,18.0,4.169925001442312,46.958814472671286,5.55332408135944
CSCSPVHPQQAFCNADVVIRAKAVSEKEVDSGNDAYGNPIKRIQYEIKQIKMFKGPEKDIEFIYTAPYSATCGVSLDVGGKKEYLIAGKAEGDGKMGID,SANYTGD,5,0.0,3.0,7.0,100.0,110.0,6.78135971352466,60.37561860772023,5.915894160744148
CSCSPVHPQQAFCNADVVIRAKAVSEKEVDSGNDEYGNPIKRIQYEIKQIKMFKGPEKDIEFIYTAPYSATCGVSLDVGGKKEYLIAGKAEGDGKMGID,SENYTGD,5,0.0,1.0,3.0,8.0,12.0,3.584962500721156,46.958814472671286,5.55332408135944
CSCSPVHPQQAFCNADVVIRAKAVSEKEVDSGNDGYGNPIKRIQYEIKQIKMFKGPEKDIEFIYTAPNSADCGVSLDVGGKKEYLIAGKAEGDGKMQIQ,SGNNDQQ,5,0.0,1.0,2.0,22.0,25.0,4.643856189774724,70.43822170900692,6.138286582080596
CSCSPVHPQQAFCNADVVIRAKAVSEKEVDSGNDGYGNPIKRIQYEIKQIKMFKGPEKDIEFIYTAPYSATCGVSLDVGGKKEYLIAGKAEGDGKMGID,SGNYTGD,5,1.0,3.0,7.0,77.0,88.0,6.459431618637297,60.37561860772023,5.915894160744148
CSCSPVHPQQAFCNADVVIRAKAVSEKEVDSGNDIYGAPIKRIQYEIKQIKMFKGPEKDIEFIYTAPYSATCGVSLDVGGKKEYLIAGKAEGDGKMGID,SIAYTGD,5,0.0,1.0,1.0,15.0,17.0,4.087462841250339,140.87644341801385,7.138286582080596
CSCSPVHPQQAFCNADVVIRAKAVSEKEVDSGNDIYGDPIKRIQYEIKQIKMFKGPEKDIEFIYTAPYSATCGVSLDVGGKKEYLIAGKAEGDGKMGID,SIDYTGD,5,0.0,1.0,1.0,18.0,20.0,4.321928094887363,140.87644341801385,7.138286582080596
CSCSPVHPQQAFCNADVVIRAKAVSEKEVDSGNDIYGDPIKRIQYEIKQIKMFKGPEKDIEFIYTAPYSATCGVSLDVGGKKEYLIAGKAEGDGKMGIV,SIDYTGV,5,0.0,1.0,1.0,2.0,4.0,2.0,140.87644341801385,7.138286582080596
CSCSPVHPQQAFCNADVVIRAKAVSEKEVDSGNDIYGGPIKRIQYEIKQIKMFKGPEKDIEFIYTAPYSATCGVSLDVGGKKEYLIAGKAEGDGKMGID,SIGYTGD,5,0.0,1.0,2.0,26.0,29.0,4.857980995127572,70.43822170900692,6.138286582080596
CSCSPVHPQQAFCNADVVIRAKAVSEKEVDSGNDIYGRPIKRIQYEIKQIKMFKGPEKDIEFIYTAPASANCGVSLDVGGKKEYLIAGKAEGDGKMLIF,SIRANLF,5,0.0,2.0,1.0,11.0,14.0,3.807354922057604,281.7528868360277,8.138286582080596
CSCSPVHPQQAFCNADVVIRAKAVSEKEVDSGNDIYGRPIKRIQYEIKQIKMFKGPEKDIEFIYTAPYSATCGVSLDVGGKKEYLIAGKAEGDGKMGID,SIRYTGD,5,1.0,2.0,4.0,59.0,66.0,6.044394119358453,70.43822170900692,6.138286582080596
CSCSPVHPQQAFCNADVVIRAKAVSEKEVDSGNDIYGSPIKRIQYEIKQIKMFKGPEKDIEFIYTAPYSATCGVSLDVGGKKEYLIAGKAEGDGKMGID,SISYTGD,5,0.0,3.0,1.0,2.0,6.0,2.584962500721156,422.62933025404163,8.723249082801752
CSCSPVHPQQAFCNADVVIRAKAVSEKEVDSGNDLYGNPIKRIQYEIKQIKMFKGPEKDIEFIYTAPYSATCGVSLDVGGKKEYLIAGKAEGDGKMGID,SLNYTGD,5,0.0,1.0,8.0,29.0,38.0,5.247927513443585,17.60955542725173,4.138286582080596
CSCSPVHPQQAFCNADVVIRAKAVSEKEVDSGNDMYGAPIKRIQYEIKQIKMFKGPEKDIEFIYTAPSSATCGVSLDVGGKKEYLIAGKAEGDGKMGIV,SMASTGV,5,0.0,3.0,4.0,18.0,25.0,4.643856189774724,105.65733256351041,6.723249082801752
CSCSPVHPQQAFCNADVVIRAKAVSEKEVDSGNDNYGRPIKRIQYEIKQIKMFKGPEKDIEFIYTAPSSATCGVSLDVGGKKEYLIAGKAEGDGKMGID,SNRSTGD,5,0.0,7.0,2.0,15.0,24.0,4.584962500721156,493.0675519630486,8.9456415041382
CSCSPVHPQQAFCNADVVIRAKAVSEKEVDSGNDNYGRPIKRIQYEIKQIKMFKGPEKDIEFIYTAPSSATCGVSLDVGGKKEYLIAGKAEGDGKMGIV,SNRSTGV,5,1.0,95.0,555.0,248.0,899.0,9.812177305514448,24.11398581029066,4.591798229174075
CSCSPVHPQQAFCNADVVIRAKAVSEKEVDSGNDNYGRPIKRIQYEIKQIKMFKGPEKDIEFIYTAPSSATCGVSLDVGGKKEYLIAGKAEGDGKMQIQ,SNRSTQQ,5,0.0,2.0,1.0,10.0,13.0,3.700439718141092,281.7528868360277,8.138286582080596
CSCSPVHPQQAFCNADVVIRAKAVSEKEVDSGNDPYGNPIKRIQYEIKQIKMFKGPEKDIEFIYTAPNSADCGVSLDVGGKKEYLIAGKAEGDGKMQIQ,SPNNDQQ,5,0.0,1.0,1.0,4.0,6.0,2.584962500721156,140.87644341801385,7.138286582080596
CSCSPVHPQQAFCNADVVIRAKAVSEKEVDSGNDPYGNPIKRIQYEIKQIKMFKGPEKDIEFIYTAPYSATCGVSLDVGGKKEYLIAGKAEGDGKMGID,SPNYTGD,5,0.0,1.0,5.0,32.0,38.0,5.247927513443585,28.17528868360277,4.8163584871932335
CSCSPVHPQQAFCNADVVIRAKAVSEKEVDSGNDRYGNPIKRIQYEIKQIKMFKGPEKDIEFIYTAPNSADCGVSLDVGGKKEYLIAGKAEGDGKMQIQ,SRNNDQQ,5,0.0,1.0,4.0,18.0,23.0,4.523561956057013,35.21911085450346,5.138286582080596
CSCSPVHPQQAFCNADVVIRAKAVSEKEVDSGNDRYGNPIKRIQYEIKQIKMFKGPEKDIEFIYTAPYSATCGVSLDVGGKKEYLIAGKAEGDGKMGID,SRNYTGD,5,0.0,4.0,4.0,110.0,118.0,6.882643049361842,140.87644341801385,7.138286582080596
CSCSPVHPQQAFCNADVVIRAKAVSEKEVDSGNDRYGNPIKRIQYEIKQIKMFKGPEKDIEFIYTAPYSATCGVSLDVGGKKEYLIAGKAEGDGKMGIV,SRNYTGV,5,0.0,1.0,2.0,5.0,8.0,3.0,70.43822170900692,6.138286582080596
CSCSPVHPQQAFCNADVVIRAKAVSEKEVDSGNDTYGDPIKRIQYEIKQIKMFKGPEKDIEFIYTAPSSATCGVSLDVGGKKEYLIAGKAEGDGKMGIV,STDSTGV,5,0.0,12.0,4.0,39.0,55.0,5.78135971352466,422.62933025404163,8.723249082801752
CSCSPVHPQQAFCNADVVIRAKAVSEKEVDSGNDTYGDPIKRIQYEIKQIKMFKGPEKDIEFIYTAPYSATCGVSLDVGGKKEYLIAGKAEGDGKMGIT,STDYTGT,5,0.0,1.0,1.0,10.0,12.0,3.584962500721156,140.87644341801385,7.138286582080596
CSCSPVHPQQAFCNADVVIRAKAVSEKEVDSGNDVYGNPIKRIQYEIKQIKMFKGPEKDIEFIYTAPASANCGVSLDVGGKKEYLIAGKAEGDGKMLIF,SVNANLF,5,0.0,3.0,3.0,14.0,20.0,4.321928094887363,140.87644341801388,7.138286582080596
CSCSPVHPQQAFCNADVVIRAKAVSEKEVDSGNDVYGRPIKRIQYEIKQIKMFKGPEKDIEFIYTAPSSATCGVSLDVGGKKEYLIAGKAEGDGKMGIV,SVRSTGV,5,0.0,21.0,7.0,26.0,54.0,5.754887502163468,422.6293302540416,8.723249082801752
CSCSPVHPQQAFCNADVVIRAKAVSEKEVDSGNDKYGDPIKRIQYEIKQIKMFKGPEKDIEFIYTAPYSATCGVSLDVGGKKEYLIAGKAEGDGKMGID,SKDYTGD,6,0.0,2.0,3.0,14.0,19.0,4.247927513443585,93.91762894534257,6.55332408135944
CSCSPVHPQQAFCNADVVIRAKAVSEKEVDSGNDKYGDPIKRIQYEIKQIKMFKGPEKDIEFIYTAPYSATCGVSLDVGGKKEYLIAGKAEGDGKMGIV,SKDYTGV,6,0.0,1.0,1.0,0.0,2.0,1.0,140.87644341801385,7.138286582080596
CSCSPVHPQQAFCNADVVIRAKAVSEKEVDSGNDMYGAPIKRIQYEIKQIKMFKGPEKDIEFIYTAPYSATCGVSLDVGGKKEYLIAGKAEGDGKMGID,SMAYTGD,6,8.0,6.0,2.0,31.0,47.0,5.554588851677638,422.62933025404163,8.723249082801752
CSCSPVHPQQAFCNADVVIRAKAVSEKEVDSGNDNYGRPIKRIQYEIKQIKMFKGPEKDIEFIYTAPYSATCGVSLDVGGKKEYLIAGKAEGDGKMGID,SNRYTGD,6,0.0,13.0,4.0,50.0,67.0,6.066089190457772,457.84844110854505,8.838726300221689
CSCSPVHPQQAFCNADVVIRAKAVSEKEVDSGNDTYGDPIKRIQYEIKQIKMFKGPEKDIEFIYTAPYSATCGVSLDVGGKKEYLIAGKAEGDGKMGID,STDYTGD,6,61.0,17.0,51.0,655.0,784.0,9.614709844115207,46.95881447267129,5.55332408135944
CSCSPVHPQQAFCNADVVIRAKAVSEKEVDSGNDTYGDPIKRIQYEIKQIKMFKGPEKDIEFIYTAPYSATCGVSLDVGGKKEYLIAGKAEGDGKMGIV,STDYTGV,6,1.0,8.0,1.0,21.0,31.0,4.954196310386875,1127.0115473441108,10.138286582080596
CSCSPVHPQQAFCNADVVIRAKAVSEKEVDSGNDVYGRPIKRIQYEIKQIKMFKGPEKDIEFIYTAPYSATCGVSLDVGGKKEYLIAGKAEGDGKMGID,SVRYTGD,6,7.0,4.0,1.0,43.0,55.0,5.78135971352466,563.5057736720554,9.138286582080596
CSCTPVHPQQAFCNADVVIRAKAVSEKEVDSGNDNYGRPIKRIQYEIKQIKMFKGPEKDIEFIYTAPSSATCGVSLDVGGKKEYLIAGKAEGDGKMGIV,TNRSTGV,6,0.0,5.0,48.0,17.0,70.0,6.129283016944966,14.674629522709777,3.875252176246802
